order_line_id,order_id,product_id,quantity,unit_price,discount_pct
OL-0000001,O-000001,P-210,2,960.00,0.00
OL-0000002,O-000001,P-210,1,931.20,0.03
OL-0000003,O-000001,P-110,5,1282.50,0.10
OL-0000004,O-000002,P-310,6,185.00,0.00
OL-0000005,O-000002,P-110,2,1425.00,0.00
OL-0000006,O-000002,P-300,3,3200.00,0.00
OL-0000007,O-000003,P-210,7,912.00,0.05
OL-0000008,O-000004,P-310,7,175.75,0.05
OL-0000009,O-000005,P-300,1,3104.00,0.03
OL-0000010,O-000005,P-100,2,800.25,0.03
OL-0000011,O-000006,P-300,8,3040.00,0.05
OL-0000012,O-000006,P-100,6,800.25,0.03
OL-0000013,O-000007,P-200,1,4860.00,0.10
OL-0000014,O-000007,P-200,8,5130.00,0.05
OL-0000015,O-000008,P-100,8,800.25,0.03
OL-0000016,O-000008,P-110,3,1353.75,0.05
OL-0000017,O-000009,P-310,7,179.45,0.03
OL-0000018,O-000009,P-200,4,4860.00,0.10
OL-0000019,O-000009,P-210,4,931.20,0.03
OL-0000020,O-000009,P-300,3,3200.00,0.00
OL-0000021,O-000010,P-210,2,864.00,0.10
OL-0000022,O-000010,P-200,6,4860.00,0.10
OL-0000023,O-000010,P-310,4,179.45,0.03
OL-0000024,O-000011,P-100,4,800.25,0.03
OL-0000025,O-000011,P-100,6,742.50,0.10
OL-0000026,O-000011,P-200,7,5130.00,0.05
OL-0000027,O-000012,P-100,1,742.50,0.10
OL-0000028,O-000012,P-110,6,1353.75,0.05
OL-0000029,O-000012,P-110,2,1353.75,0.05
OL-0000030,O-000012,P-110,6,1425.00,0.00
OL-0000031,O-000013,P-100,7,742.50,0.10
OL-0000032,O-000014,P-310,6,166.50,0.10
OL-0000033,O-000014,P-310,6,166.50,0.10
OL-0000034,O-000014,P-100,4,825.00,0.00
OL-0000035,O-000015,P-100,5,825.00,0.00
OL-0000036,O-000016,P-200,6,4860.00,0.10
OL-0000037,O-000016,P-300,8,3104.00,0.03
OL-0000038,O-000016,P-100,2,800.25,0.03
OL-0000039,O-000017,P-200,3,5130.00,0.05
OL-0000040,O-000017,P-210,1,931.20,0.03
OL-0000041,O-000017,P-300,7,2880.00,0.10
OL-0000042,O-000017,P-310,8,185.00,0.00
OL-0000043,O-000018,P-210,8,912.00,0.05
OL-0000044,O-000019,P-310,3,179.45,0.03
OL-0000045,O-000019,P-210,8,960.00,0.00
OL-0000046,O-000019,P-100,7,783.75,0.05
OL-0000047,O-000020,P-110,6,1353.75,0.05
OL-0000048,O-000020,P-310,7,175.75,0.05
OL-0000049,O-000020,P-210,1,864.00,0.10
OL-0000050,O-000020,P-310,8,175.75,0.05
OL-0000051,O-000021,P-300,7,2880.00,0.10
OL-0000052,O-000022,P-110,6,1353.75,0.05
OL-0000053,O-000023,P-210,5,912.00,0.05
OL-0000054,O-000023,P-200,2,5130.00,0.05
OL-0000055,O-000023,P-300,5,2880.00,0.10
OL-0000056,O-000023,P-110,7,1382.25,0.03
OL-0000057,O-000024,P-210,1,912.00,0.05
OL-0000058,O-000024,P-110,7,1282.50,0.10
OL-0000059,O-000024,P-310,5,166.50,0.10
OL-0000060,O-000025,P-310,7,179.45,0.03
OL-0000061,O-000025,P-300,7,3200.00,0.00
OL-0000062,O-000025,P-300,3,3040.00,0.05
OL-0000063,O-000025,P-300,2,3040.00,0.05
OL-0000064,O-000026,P-300,1,3200.00,0.00
OL-0000065,O-000026,P-110,4,1382.25,0.03
OL-0000066,O-000027,P-200,3,4860.00,0.10
OL-0000067,O-000028,P-210,3,912.00,0.05
OL-0000068,O-000028,P-210,2,864.00,0.10
OL-0000069,O-000029,P-300,1,3040.00,0.05
OL-0000070,O-000030,P-200,7,4860.00,0.10
OL-0000071,O-000030,P-210,5,912.00,0.05
OL-0000072,O-000031,P-100,6,800.25,0.03
OL-0000073,O-000032,P-100,2,825.00,0.00
OL-0000074,O-000033,P-100,4,742.50,0.10
OL-0000075,O-000033,P-100,8,742.50,0.10
OL-0000076,O-000034,P-110,1,1353.75,0.05
OL-0000077,O-000034,P-110,7,1382.25,0.03
OL-0000078,O-000034,P-100,4,825.00,0.00
OL-0000079,O-000034,P-300,7,2880.00,0.10
OL-0000080,O-000035,P-100,3,825.00,0.00
OL-0000081,O-000035,P-100,8,742.50,0.10
OL-0000082,O-000036,P-100,1,783.75,0.05
OL-0000083,O-000036,P-100,5,800.25,0.03
OL-0000084,O-000036,P-300,8,3040.00,0.05
OL-0000085,O-000036,P-210,8,864.00,0.10
OL-0000086,O-000037,P-110,7,1282.50,0.10
OL-0000087,O-000038,P-110,3,1353.75,0.05
OL-0000088,O-000039,P-300,2,2880.00,0.10
OL-0000089,O-000039,P-110,1,1382.25,0.03
OL-0000090,O-000039,P-110,5,1282.50,0.10
OL-0000091,O-000040,P-310,5,179.45,0.03
OL-0000092,O-000040,P-310,6,179.45,0.03
OL-0000093,O-000041,P-110,7,1382.25,0.03
OL-0000094,O-000041,P-110,2,1282.50,0.10
OL-0000095,O-000041,P-100,1,800.25,0.03
OL-0000096,O-000041,P-210,7,912.00,0.05
OL-0000097,O-000042,P-210,7,960.00,0.00
OL-0000098,O-000043,P-310,2,175.75,0.05
OL-0000099,O-000044,P-200,5,4860.00,0.10
OL-0000100,O-000045,P-210,1,960.00,0.00
OL-0000101,O-000045,P-100,7,825.00,0.00
OL-0000102,O-000046,P-200,8,5238.00,0.03
OL-0000103,O-000046,P-200,4,5130.00,0.05
OL-0000104,O-000046,P-110,7,1282.50,0.10
OL-0000105,O-000046,P-100,8,800.25,0.03
OL-0000106,O-000047,P-200,1,5238.00,0.03
OL-0000107,O-000047,P-300,5,2880.00,0.10
OL-0000108,O-000047,P-210,6,960.00,0.00
OL-0000109,O-000047,P-310,8,185.00,0.00
OL-0000110,O-000048,P-100,5,800.25,0.03
OL-0000111,O-000048,P-310,8,166.50,0.10
OL-0000112,O-000048,P-310,2,185.00,0.00
OL-0000113,O-000049,P-100,6,742.50,0.10
OL-0000114,O-000049,P-310,1,175.75,0.05
OL-0000115,O-000049,P-200,3,5238.00,0.03
OL-0000116,O-000050,P-210,6,912.00,0.05
OL-0000117,O-000050,P-310,1,179.45,0.03
OL-0000118,O-000051,P-200,7,5400.00,0.00
OL-0000119,O-000051,P-200,6,5238.00,0.03
OL-0000120,O-000051,P-210,3,931.20,0.03
OL-0000121,O-000051,P-200,8,5400.00,0.00
OL-0000122,O-000052,P-110,1,1282.50,0.10
OL-0000123,O-000052,P-310,4,185.00,0.00
OL-0000124,O-000052,P-200,7,5238.00,0.03
OL-0000125,O-000053,P-310,8,166.50,0.10
OL-0000126,O-000054,P-200,5,5130.00,0.05
OL-0000127,O-000055,P-210,3,864.00,0.10
OL-0000128,O-000055,P-210,8,912.00,0.05
OL-0000129,O-000055,P-300,5,3104.00,0.03
OL-0000130,O-000055,P-210,7,931.20,0.03
OL-0000131,O-000056,P-210,2,912.00,0.05
OL-0000132,O-000056,P-300,2,3200.00,0.00
OL-0000133,O-000056,P-100,2,800.25,0.03
OL-0000134,O-000057,P-100,1,800.25,0.03
OL-0000135,O-000057,P-110,4,1353.75,0.05
OL-0000136,O-000058,P-200,1,5130.00,0.05
OL-0000137,O-000058,P-310,3,166.50,0.10
OL-0000138,O-000059,P-100,5,800.25,0.03
OL-0000139,O-000059,P-200,1,4860.00,0.10
OL-0000140,O-000059,P-310,4,185.00,0.00
OL-0000141,O-000059,P-300,6,3040.00,0.05
OL-0000142,O-000060,P-210,3,960.00,0.00
OL-0000143,O-000060,P-100,6,783.75,0.05
OL-0000144,O-000061,P-300,3,3200.00,0.00
OL-0000145,O-000062,P-200,2,5400.00,0.00
OL-0000146,O-000062,P-300,2,3104.00,0.03
OL-0000147,O-000062,P-200,4,5400.00,0.00
OL-0000148,O-000062,P-100,5,742.50,0.10
OL-0000149,O-000063,P-310,5,166.50,0.10
OL-0000150,O-000064,P-110,7,1382.25,0.03
OL-0000151,O-000064,P-100,1,783.75,0.05
OL-0000152,O-000064,P-310,3,166.50,0.10
OL-0000153,O-000065,P-100,5,800.25,0.03
OL-0000154,O-000065,P-110,3,1353.75,0.05
OL-0000155,O-000065,P-310,7,185.00,0.00
OL-0000156,O-000065,P-100,7,800.25,0.03
OL-0000157,O-000066,P-310,8,179.45,0.03
OL-0000158,O-000067,P-100,3,783.75,0.05
OL-0000159,O-000068,P-310,7,179.45,0.03
OL-0000160,O-000068,P-300,7,3040.00,0.05
OL-0000161,O-000068,P-200,5,5400.00,0.00
OL-0000162,O-000069,P-200,1,5400.00,0.00
OL-0000163,O-000069,P-100,6,783.75,0.05
OL-0000164,O-000069,P-100,4,783.75,0.05
OL-0000165,O-000070,P-310,2,185.00,0.00
OL-0000166,O-000070,P-310,6,179.45,0.03
OL-0000167,O-000071,P-310,2,166.50,0.10
OL-0000168,O-000071,P-100,1,742.50,0.10
OL-0000169,O-000071,P-100,8,800.25,0.03
OL-0000170,O-000072,P-110,3,1353.75,0.05
OL-0000171,O-000072,P-200,3,4860.00,0.10
OL-0000172,O-000072,P-300,6,3040.00,0.05
OL-0000173,O-000072,P-200,4,4860.00,0.10
OL-0000174,O-000073,P-100,7,800.25,0.03
OL-0000175,O-000073,P-310,4,175.75,0.05
OL-0000176,O-000073,P-300,3,3040.00,0.05
OL-0000177,O-000073,P-300,2,3200.00,0.00
OL-0000178,O-000074,P-210,5,960.00,0.00
OL-0000179,O-000074,P-200,1,4860.00,0.10
OL-0000180,O-000074,P-110,6,1282.50,0.10
OL-0000181,O-000074,P-200,2,5238.00,0.03
OL-0000182,O-000075,P-100,5,825.00,0.00
OL-0000183,O-000076,P-100,2,825.00,0.00
OL-0000184,O-000076,P-210,5,864.00,0.10
OL-0000185,O-000076,P-210,1,864.00,0.10
OL-0000186,O-000076,P-210,3,960.00,0.00
OL-0000187,O-000077,P-300,7,2880.00,0.10
OL-0000188,O-000078,P-310,7,185.00,0.00
OL-0000189,O-000078,P-310,3,179.45,0.03
OL-0000190,O-000078,P-100,3,825.00,0.00
OL-0000191,O-000079,P-300,7,2880.00,0.10
OL-0000192,O-000080,P-210,2,931.20,0.03
OL-0000193,O-000080,P-310,3,179.45,0.03
OL-0000194,O-000081,P-110,4,1353.75,0.05
OL-0000195,O-000082,P-200,8,5238.00,0.03
OL-0000196,O-000082,P-210,4,864.00,0.10
OL-0000197,O-000082,P-300,5,3040.00,0.05
OL-0000198,O-000083,P-310,1,175.75,0.05
OL-0000199,O-000083,P-300,7,2880.00,0.10
OL-0000200,O-000083,P-200,8,4860.00,0.10
OL-0000201,O-000083,P-110,6,1353.75,0.05
OL-0000202,O-000084,P-200,2,5130.00,0.05
OL-0000203,O-000085,P-200,6,5238.00,0.03
OL-0000204,O-000085,P-310,7,185.00,0.00
OL-0000205,O-000085,P-300,6,2880.00,0.10
OL-0000206,O-000085,P-100,7,800.25,0.03
OL-0000207,O-000086,P-200,4,5238.00,0.03
OL-0000208,O-000086,P-110,3,1282.50,0.10
OL-0000209,O-000086,P-200,5,4860.00,0.10
OL-0000210,O-000087,P-110,2,1425.00,0.00
OL-0000211,O-000087,P-210,8,864.00,0.10
OL-0000212,O-000087,P-110,5,1425.00,0.00
OL-0000213,O-000088,P-310,7,175.75,0.05
OL-0000214,O-000088,P-110,1,1382.25,0.03
OL-0000215,O-000089,P-110,6,1382.25,0.03
OL-0000216,O-000089,P-310,5,166.50,0.10
OL-0000217,O-000089,P-210,6,931.20,0.03
OL-0000218,O-000090,P-200,5,5238.00,0.03
OL-0000219,O-000091,P-200,5,5400.00,0.00
OL-0000220,O-000091,P-210,7,912.00,0.05
OL-0000221,O-000092,P-310,4,185.00,0.00
OL-0000222,O-000092,P-310,7,179.45,0.03
OL-0000223,O-000093,P-200,6,4860.00,0.10
OL-0000224,O-000094,P-310,2,166.50,0.10
OL-0000225,O-000095,P-210,8,931.20,0.03
OL-0000226,O-000096,P-200,3,5400.00,0.00
OL-0000227,O-000097,P-200,7,5238.00,0.03
OL-0000228,O-000097,P-300,5,3200.00,0.00
OL-0000229,O-000097,P-110,4,1353.75,0.05
OL-0000230,O-000098,P-110,7,1282.50,0.10
OL-0000231,O-000098,P-100,6,783.75,0.05
OL-0000232,O-000098,P-200,8,5400.00,0.00
OL-0000233,O-000099,P-200,1,4860.00,0.10
OL-0000234,O-000099,P-210,7,931.20,0.03
OL-0000235,O-000100,P-200,2,4860.00,0.10
OL-0000236,O-000101,P-300,6,2880.00,0.10
OL-0000237,O-000101,P-200,7,4860.00,0.10
OL-0000238,O-000101,P-300,7,3104.00,0.03
OL-0000239,O-000102,P-200,2,5130.00,0.05
OL-0000240,O-000102,P-300,7,3040.00,0.05
OL-0000241,O-000102,P-210,1,864.00,0.10
OL-0000242,O-000102,P-310,4,185.00,0.00
OL-0000243,O-000103,P-210,6,931.20,0.03
OL-0000244,O-000103,P-310,2,166.50,0.10
OL-0000245,O-000103,P-200,2,5238.00,0.03
OL-0000246,O-000104,P-100,7,800.25,0.03
OL-0000247,O-000104,P-110,4,1425.00,0.00
OL-0000248,O-000104,P-200,1,5130.00,0.05
OL-0000249,O-000105,P-300,1,2880.00,0.10
OL-0000250,O-000106,P-210,1,864.00,0.10
OL-0000251,O-000107,P-210,5,931.20,0.03
OL-0000252,O-000107,P-210,7,864.00,0.10
OL-0000253,O-000108,P-300,7,3200.00,0.00
OL-0000254,O-000108,P-310,6,166.50,0.10
OL-0000255,O-000109,P-310,3,179.45,0.03
OL-0000256,O-000110,P-100,5,783.75,0.05
OL-0000257,O-000110,P-210,1,960.00,0.00
OL-0000258,O-000110,P-200,7,5400.00,0.00
OL-0000259,O-000111,P-310,1,185.00,0.00
OL-0000260,O-000111,P-310,5,166.50,0.10
OL-0000261,O-000112,P-110,5,1353.75,0.05
OL-0000262,O-000113,P-300,1,3200.00,0.00
OL-0000263,O-000113,P-100,8,742.50,0.10
OL-0000264,O-000113,P-100,4,783.75,0.05
OL-0000265,O-000113,P-100,2,825.00,0.00
OL-0000266,O-000114,P-310,8,166.50,0.10
OL-0000267,O-000114,P-210,4,912.00,0.05
OL-0000268,O-000114,P-200,6,4860.00,0.10
OL-0000269,O-000115,P-210,4,931.20,0.03
OL-0000270,O-000115,P-100,3,800.25,0.03
OL-0000271,O-000116,P-210,3,864.00,0.10
OL-0000272,O-000117,P-100,2,783.75,0.05
OL-0000273,O-000117,P-110,8,1282.50,0.10
OL-0000274,O-000117,P-310,6,179.45,0.03
OL-0000275,O-000117,P-210,7,960.00,0.00
OL-0000276,O-000118,P-300,5,3104.00,0.03
OL-0000277,O-000118,P-200,7,5238.00,0.03
OL-0000278,O-000118,P-210,2,912.00,0.05
OL-0000279,O-000118,P-200,7,5130.00,0.05
OL-0000280,O-000119,P-200,1,5238.00,0.03
OL-0000281,O-000119,P-200,4,5238.00,0.03
OL-0000282,O-000119,P-310,3,185.00,0.00
OL-0000283,O-000120,P-110,2,1425.00,0.00
OL-0000284,O-000120,P-310,8,166.50,0.10
OL-0000285,O-000120,P-210,4,960.00,0.00
OL-0000286,O-000121,P-200,3,5238.00,0.03
OL-0000287,O-000121,P-210,4,960.00,0.00
OL-0000288,O-000122,P-110,2,1353.75,0.05
OL-0000289,O-000122,P-210,2,931.20,0.03
OL-0000290,O-000123,P-210,3,960.00,0.00
OL-0000291,O-000124,P-200,3,5238.00,0.03
OL-0000292,O-000124,P-110,5,1282.50,0.10
OL-0000293,O-000124,P-210,5,960.00,0.00
OL-0000294,O-000125,P-310,5,175.75,0.05
OL-0000295,O-000125,P-210,7,912.00,0.05
OL-0000296,O-000126,P-110,2,1353.75,0.05
OL-0000297,O-000126,P-200,8,5238.00,0.03
OL-0000298,O-000126,P-110,6,1382.25,0.03
OL-0000299,O-000126,P-110,1,1382.25,0.03
OL-0000300,O-000127,P-100,6,783.75,0.05
OL-0000301,O-000128,P-310,6,166.50,0.10
OL-0000302,O-000128,P-310,8,185.00,0.00
OL-0000303,O-000128,P-100,2,800.25,0.03
OL-0000304,O-000129,P-110,4,1425.00,0.00
OL-0000305,O-000129,P-310,3,185.00,0.00
OL-0000306,O-000130,P-200,5,5238.00,0.03
OL-0000307,O-000130,P-210,5,864.00,0.10
OL-0000308,O-000130,P-310,2,166.50,0.10
OL-0000309,O-000131,P-210,6,960.00,0.00
OL-0000310,O-000131,P-210,5,931.20,0.03
OL-0000311,O-000132,P-300,5,3200.00,0.00
OL-0000312,O-000132,P-310,5,185.00,0.00
OL-0000313,O-000132,P-110,5,1382.25,0.03
OL-0000314,O-000133,P-310,7,166.50,0.10
OL-0000315,O-000133,P-300,3,3040.00,0.05
OL-0000316,O-000133,P-300,6,3104.00,0.03
OL-0000317,O-000133,P-310,7,175.75,0.05
OL-0000318,O-000134,P-300,3,3040.00,0.05
OL-0000319,O-000134,P-100,4,825.00,0.00
OL-0000320,O-000134,P-100,8,742.50,0.10
OL-0000321,O-000134,P-100,6,825.00,0.00
OL-0000322,O-000135,P-300,8,3200.00,0.00
OL-0000323,O-000135,P-200,3,4860.00,0.10
OL-0000324,O-000135,P-210,8,960.00,0.00
OL-0000325,O-000136,P-110,8,1382.25,0.03
OL-0000326,O-000136,P-100,7,825.00,0.00
OL-0000327,O-000137,P-100,4,783.75,0.05
OL-0000328,O-000137,P-200,6,4860.00,0.10
OL-0000329,O-000137,P-210,2,912.00,0.05
OL-0000330,O-000138,P-310,1,166.50,0.10
OL-0000331,O-000138,P-300,6,2880.00,0.10
OL-0000332,O-000138,P-100,6,783.75,0.05
OL-0000333,O-000138,P-110,5,1282.50,0.10
OL-0000334,O-000139,P-110,7,1425.00,0.00
OL-0000335,O-000139,P-310,3,166.50,0.10
OL-0000336,O-000139,P-300,5,2880.00,0.10
OL-0000337,O-000139,P-100,5,742.50,0.10
OL-0000338,O-000140,P-300,7,3200.00,0.00
OL-0000339,O-000140,P-110,5,1382.25,0.03
OL-0000340,O-000140,P-110,3,1353.75,0.05
OL-0000341,O-000140,P-200,1,4860.00,0.10
OL-0000342,O-000141,P-100,5,825.00,0.00
OL-0000343,O-000142,P-100,8,742.50,0.10
OL-0000344,O-000143,P-100,2,742.50,0.10
OL-0000345,O-000144,P-300,5,3040.00,0.05
OL-0000346,O-000144,P-210,3,931.20,0.03
OL-0000347,O-000144,P-200,4,5400.00,0.00
OL-0000348,O-000145,P-110,1,1425.00,0.00
OL-0000349,O-000145,P-110,8,1353.75,0.05
OL-0000350,O-000145,P-310,2,166.50,0.10
OL-0000351,O-000145,P-300,1,2880.00,0.10
OL-0000352,O-000146,P-200,3,5130.00,0.05
OL-0000353,O-000146,P-110,7,1282.50,0.10
OL-0000354,O-000147,P-100,8,783.75,0.05
OL-0000355,O-000147,P-110,1,1353.75,0.05
OL-0000356,O-000147,P-210,6,912.00,0.05
OL-0000357,O-000148,P-210,3,960.00,0.00
OL-0000358,O-000148,P-110,2,1353.75,0.05
OL-0000359,O-000148,P-110,6,1282.50,0.10
OL-0000360,O-000148,P-310,7,179.45,0.03
OL-0000361,O-000149,P-110,1,1353.75,0.05
OL-0000362,O-000150,P-100,7,783.75,0.05
OL-0000363,O-000150,P-200,8,5130.00,0.05
OL-0000364,O-000150,P-300,3,2880.00,0.10
OL-0000365,O-000151,P-300,5,2880.00,0.10
OL-0000366,O-000152,P-200,3,4860.00,0.10
OL-0000367,O-000152,P-310,2,175.75,0.05
OL-0000368,O-000153,P-210,2,912.00,0.05
OL-0000369,O-000153,P-200,8,5238.00,0.03
OL-0000370,O-000153,P-110,6,1282.50,0.10
OL-0000371,O-000153,P-110,7,1353.75,0.05
OL-0000372,O-000154,P-210,4,960.00,0.00
OL-0000373,O-000154,P-110,3,1353.75,0.05
OL-0000374,O-000154,P-300,7,3104.00,0.03
OL-0000375,O-000154,P-200,4,5130.00,0.05
OL-0000376,O-000155,P-310,4,166.50,0.10
OL-0000377,O-000155,P-210,6,960.00,0.00
OL-0000378,O-000156,P-200,4,4860.00,0.10
OL-0000379,O-000157,P-210,3,912.00,0.05
OL-0000380,O-000157,P-100,2,742.50,0.10
OL-0000381,O-000158,P-300,1,3040.00,0.05
OL-0000382,O-000159,P-100,2,800.25,0.03
OL-0000383,O-000159,P-210,1,931.20,0.03
OL-0000384,O-000160,P-200,5,4860.00,0.10
OL-0000385,O-000160,P-210,8,864.00,0.10
OL-0000386,O-000160,P-110,3,1282.50,0.10
OL-0000387,O-000161,P-310,8,175.75,0.05
OL-0000388,O-000161,P-110,5,1425.00,0.00
OL-0000389,O-000161,P-300,8,3040.00,0.05
OL-0000390,O-000161,P-210,5,864.00,0.10
OL-0000391,O-000162,P-200,2,5238.00,0.03
OL-0000392,O-000162,P-300,6,3040.00,0.05
OL-0000393,O-000162,P-210,5,931.20,0.03
OL-0000394,O-000163,P-300,7,3040.00,0.05
OL-0000395,O-000164,P-100,3,742.50,0.10
OL-0000396,O-000164,P-100,6,742.50,0.10
OL-0000397,O-000165,P-100,4,825.00,0.00
OL-0000398,O-000165,P-110,7,1425.00,0.00
OL-0000399,O-000165,P-100,2,783.75,0.05
OL-0000400,O-000165,P-100,6,783.75,0.05
OL-0000401,O-000166,P-300,5,3104.00,0.03
OL-0000402,O-000167,P-310,6,185.00,0.00
OL-0000403,O-000167,P-300,4,3104.00,0.03
OL-0000404,O-000167,P-300,1,2880.00,0.10
OL-0000405,O-000168,P-210,2,912.00,0.05
OL-0000406,O-000169,P-310,5,185.00,0.00
OL-0000407,O-000169,P-110,7,1382.25,0.03
OL-0000408,O-000170,P-200,2,5400.00,0.00
OL-0000409,O-000171,P-110,6,1425.00,0.00
OL-0000410,O-000171,P-110,1,1353.75,0.05
OL-0000411,O-000172,P-300,4,2880.00,0.10
OL-0000412,O-000172,P-110,3,1353.75,0.05
OL-0000413,O-000172,P-100,5,825.00,0.00
OL-0000414,O-000173,P-310,8,166.50,0.10
OL-0000415,O-000173,P-310,5,185.00,0.00
OL-0000416,O-000173,P-310,5,185.00,0.00
OL-0000417,O-000174,P-210,8,912.00,0.05
OL-0000418,O-000174,P-310,4,185.00,0.00
OL-0000419,O-000174,P-300,7,3104.00,0.03
OL-0000420,O-000174,P-300,5,3200.00,0.00
OL-0000421,O-000175,P-300,8,3200.00,0.00
OL-0000422,O-000175,P-300,8,3200.00,0.00
OL-0000423,O-000175,P-300,5,3104.00,0.03
OL-0000424,O-000175,P-100,6,742.50,0.10
OL-0000425,O-000176,P-210,2,931.20,0.03
OL-0000426,O-000176,P-310,6,179.45,0.03
OL-0000427,O-000176,P-210,4,960.00,0.00
OL-0000428,O-000176,P-300,7,2880.00,0.10
OL-0000429,O-000177,P-110,2,1382.25,0.03
OL-0000430,O-000178,P-100,4,825.00,0.00
OL-0000431,O-000178,P-300,2,2880.00,0.10
OL-0000432,O-000178,P-210,2,864.00,0.10
OL-0000433,O-000178,P-300,7,3104.00,0.03
OL-0000434,O-000179,P-310,7,185.00,0.00
OL-0000435,O-000179,P-110,2,1282.50,0.10
OL-0000436,O-000180,P-210,3,912.00,0.05
OL-0000437,O-000181,P-100,3,825.00,0.00
OL-0000438,O-000181,P-200,2,5238.00,0.03
OL-0000439,O-000182,P-110,2,1425.00,0.00
OL-0000440,O-000182,P-300,5,3040.00,0.05
OL-0000441,O-000182,P-210,1,912.00,0.05
OL-0000442,O-000182,P-110,7,1282.50,0.10
OL-0000443,O-000183,P-300,5,3104.00,0.03
OL-0000444,O-000183,P-110,1,1353.75,0.05
OL-0000445,O-000183,P-210,2,864.00,0.10
OL-0000446,O-000183,P-310,3,179.45,0.03
OL-0000447,O-000184,P-110,4,1282.50,0.10
OL-0000448,O-000184,P-100,4,742.50,0.10
OL-0000449,O-000185,P-100,2,783.75,0.05
OL-0000450,O-000185,P-100,7,825.00,0.00
OL-0000451,O-000185,P-300,3,3104.00,0.03
OL-0000452,O-000185,P-300,7,2880.00,0.10
OL-0000453,O-000186,P-300,3,3200.00,0.00
OL-0000454,O-000186,P-310,3,179.45,0.03
OL-0000455,O-000187,P-110,2,1425.00,0.00
OL-0000456,O-000187,P-200,1,4860.00,0.10
OL-0000457,O-000187,P-310,8,166.50,0.10
OL-0000458,O-000187,P-100,3,825.00,0.00
OL-0000459,O-000188,P-110,8,1425.00,0.00
OL-0000460,O-000189,P-100,8,783.75,0.05
OL-0000461,O-000190,P-110,4,1353.75,0.05
OL-0000462,O-000190,P-110,3,1382.25,0.03
OL-0000463,O-000190,P-210,7,864.00,0.10
OL-0000464,O-000190,P-100,3,800.25,0.03
OL-0000465,O-000191,P-300,8,3200.00,0.00
OL-0000466,O-000191,P-310,8,166.50,0.10
OL-0000467,O-000191,P-200,3,5238.00,0.03
OL-0000468,O-000191,P-310,5,166.50,0.10
OL-0000469,O-000192,P-100,5,783.75,0.05
OL-0000470,O-000192,P-310,6,166.50,0.10
OL-0000471,O-000193,P-310,3,179.45,0.03
OL-0000472,O-000193,P-300,6,3200.00,0.00
OL-0000473,O-000194,P-100,8,800.25,0.03
OL-0000474,O-000194,P-100,2,742.50,0.10
OL-0000475,O-000194,P-310,6,175.75,0.05
OL-0000476,O-000194,P-200,4,5238.00,0.03
OL-0000477,O-000195,P-100,2,800.25,0.03
OL-0000478,O-000196,P-300,3,2880.00,0.10
OL-0000479,O-000196,P-200,8,5238.00,0.03
OL-0000480,O-000196,P-300,2,3104.00,0.03
OL-0000481,O-000197,P-300,3,3104.00,0.03
OL-0000482,O-000197,P-300,8,2880.00,0.10
OL-0000483,O-000197,P-110,4,1282.50,0.10
OL-0000484,O-000198,P-200,1,5130.00,0.05
OL-0000485,O-000198,P-310,7,166.50,0.10
OL-0000486,O-000198,P-100,7,783.75,0.05
OL-0000487,O-000199,P-110,2,1282.50,0.10
OL-0000488,O-000200,P-310,5,179.45,0.03
OL-0000489,O-000200,P-100,3,783.75,0.05
OL-0000490,O-000200,P-210,5,864.00,0.10
OL-0000491,O-000201,P-300,4,3040.00,0.05
OL-0000492,O-000201,P-210,6,960.00,0.00
OL-0000493,O-000201,P-110,1,1382.25,0.03
OL-0000494,O-000201,P-200,7,4860.00,0.10
OL-0000495,O-000202,P-100,5,800.25,0.03
OL-0000496,O-000202,P-100,6,783.75,0.05
OL-0000497,O-000203,P-200,1,5130.00,0.05
OL-0000498,O-000203,P-310,3,166.50,0.10
OL-0000499,O-000204,P-310,5,175.75,0.05
OL-0000500,O-000204,P-300,5,2880.00,0.10
OL-0000501,O-000204,P-200,8,5400.00,0.00
OL-0000502,O-000204,P-200,3,5238.00,0.03
OL-0000503,O-000205,P-210,8,931.20,0.03
OL-0000504,O-000205,P-300,7,3104.00,0.03
OL-0000505,O-000205,P-110,4,1353.75,0.05
OL-0000506,O-000205,P-200,8,4860.00,0.10
OL-0000507,O-000206,P-310,7,179.45,0.03
OL-0000508,O-000206,P-100,8,800.25,0.03
OL-0000509,O-000207,P-100,7,825.00,0.00
OL-0000510,O-000207,P-200,1,4860.00,0.10
OL-0000511,O-000208,P-300,3,3200.00,0.00
OL-0000512,O-000208,P-110,5,1382.25,0.03
OL-0000513,O-000209,P-300,5,3104.00,0.03
OL-0000514,O-000209,P-300,7,2880.00,0.10
OL-0000515,O-000209,P-200,8,4860.00,0.10
OL-0000516,O-000209,P-100,1,800.25,0.03
OL-0000517,O-000210,P-100,1,800.25,0.03
OL-0000518,O-000210,P-200,7,5130.00,0.05
OL-0000519,O-000211,P-310,1,185.00,0.00
OL-0000520,O-000212,P-200,2,5130.00,0.05
OL-0000521,O-000212,P-200,6,4860.00,0.10
OL-0000522,O-000212,P-210,2,931.20,0.03
OL-0000523,O-000213,P-100,5,800.25,0.03
OL-0000524,O-000213,P-210,7,912.00,0.05
OL-0000525,O-000213,P-100,4,783.75,0.05
OL-0000526,O-000214,P-110,2,1382.25,0.03
OL-0000527,O-000214,P-100,7,825.00,0.00
OL-0000528,O-000214,P-100,1,783.75,0.05
OL-0000529,O-000215,P-300,4,3104.00,0.03
OL-0000530,O-000216,P-110,5,1382.25,0.03
OL-0000531,O-000216,P-200,4,5400.00,0.00
OL-0000532,O-000217,P-200,3,5238.00,0.03
OL-0000533,O-000217,P-210,7,864.00,0.10
OL-0000534,O-000218,P-100,1,800.25,0.03
OL-0000535,O-000218,P-300,5,3104.00,0.03
OL-0000536,O-000218,P-300,3,3200.00,0.00
OL-0000537,O-000219,P-100,6,800.25,0.03
OL-0000538,O-000219,P-100,3,825.00,0.00
OL-0000539,O-000219,P-300,3,2880.00,0.10
OL-0000540,O-000220,P-210,6,912.00,0.05
OL-0000541,O-000221,P-110,7,1382.25,0.03
OL-0000542,O-000221,P-310,6,166.50,0.10
OL-0000543,O-000221,P-110,6,1282.50,0.10
OL-0000544,O-000222,P-200,3,5130.00,0.05
OL-0000545,O-000222,P-310,5,166.50,0.10
OL-0000546,O-000222,P-310,7,175.75,0.05
OL-0000547,O-000223,P-210,2,864.00,0.10
OL-0000548,O-000223,P-210,5,960.00,0.00
OL-0000549,O-000224,P-310,2,166.50,0.10
OL-0000550,O-000224,P-300,6,3104.00,0.03
OL-0000551,O-000225,P-110,8,1353.75,0.05
OL-0000552,O-000226,P-210,1,960.00,0.00
OL-0000553,O-000226,P-210,4,912.00,0.05
OL-0000554,O-000226,P-310,8,175.75,0.05
OL-0000555,O-000227,P-310,5,179.45,0.03
OL-0000556,O-000228,P-310,7,175.75,0.05
OL-0000557,O-000229,P-300,4,3200.00,0.00
OL-0000558,O-000229,P-300,8,3104.00,0.03
OL-0000559,O-000229,P-210,2,864.00,0.10
OL-0000560,O-000230,P-210,8,931.20,0.03
OL-0000561,O-000230,P-200,8,4860.00,0.10
OL-0000562,O-000231,P-210,7,931.20,0.03
OL-0000563,O-000231,P-310,7,175.75,0.05
OL-0000564,O-000232,P-110,4,1282.50,0.10
OL-0000565,O-000232,P-200,6,5238.00,0.03
OL-0000566,O-000232,P-100,2,800.25,0.03
OL-0000567,O-000232,P-310,6,185.00,0.00
OL-0000568,O-000233,P-210,8,864.00,0.10
OL-0000569,O-000234,P-200,2,5130.00,0.05
OL-0000570,O-000235,P-100,7,800.25,0.03
OL-0000571,O-000235,P-110,3,1353.75,0.05
OL-0000572,O-000236,P-200,8,5130.00,0.05
OL-0000573,O-000236,P-110,4,1382.25,0.03
OL-0000574,O-000237,P-210,6,960.00,0.00
OL-0000575,O-000237,P-300,6,3104.00,0.03
OL-0000576,O-000238,P-200,2,4860.00,0.10
OL-0000577,O-000238,P-310,3,175.75,0.05
OL-0000578,O-000238,P-310,7,175.75,0.05
OL-0000579,O-000239,P-310,1,185.00,0.00
OL-0000580,O-000239,P-110,3,1353.75,0.05
OL-0000581,O-000239,P-200,1,4860.00,0.10
OL-0000582,O-000240,P-110,4,1382.25,0.03
OL-0000583,O-000241,P-300,7,3040.00,0.05
OL-0000584,O-000241,P-300,4,3200.00,0.00
OL-0000585,O-000241,P-200,2,5238.00,0.03
OL-0000586,O-000242,P-310,6,185.00,0.00
OL-0000587,O-000243,P-110,8,1425.00,0.00
OL-0000588,O-000243,P-110,3,1353.75,0.05
OL-0000589,O-000243,P-100,5,783.75,0.05
OL-0000590,O-000244,P-200,6,5400.00,0.00
OL-0000591,O-000244,P-100,6,800.25,0.03
OL-0000592,O-000244,P-100,1,825.00,0.00
OL-0000593,O-000244,P-110,2,1382.25,0.03
OL-0000594,O-000245,P-310,7,166.50,0.10
OL-0000595,O-000245,P-300,3,3200.00,0.00
OL-0000596,O-000246,P-100,6,742.50,0.10
OL-0000597,O-000247,P-100,7,825.00,0.00
OL-0000598,O-000247,P-200,3,5400.00,0.00
OL-0000599,O-000247,P-110,3,1353.75,0.05
OL-0000600,O-000248,P-200,3,5130.00,0.05
OL-0000601,O-000249,P-110,4,1382.25,0.03
OL-0000602,O-000249,P-210,3,931.20,0.03
OL-0000603,O-000249,P-200,6,5130.00,0.05
OL-0000604,O-000250,P-300,2,2880.00,0.10
OL-0000605,O-000251,P-100,4,800.25,0.03
OL-0000606,O-000251,P-300,4,3104.00,0.03
OL-0000607,O-000252,P-300,4,2880.00,0.10
OL-0000608,O-000252,P-100,4,800.25,0.03
OL-0000609,O-000253,P-110,8,1425.00,0.00
OL-0000610,O-000253,P-210,7,864.00,0.10
OL-0000611,O-000253,P-210,7,960.00,0.00
OL-0000612,O-000253,P-210,1,960.00,0.00
OL-0000613,O-000254,P-300,5,2880.00,0.10
OL-0000614,O-000255,P-100,1,783.75,0.05
OL-0000615,O-000255,P-300,1,3040.00,0.05
OL-0000616,O-000256,P-100,7,742.50,0.10
OL-0000617,O-000257,P-310,4,179.45,0.03
OL-0000618,O-000257,P-300,8,2880.00,0.10
OL-0000619,O-000257,P-300,5,2880.00,0.10
OL-0000620,O-000258,P-100,6,783.75,0.05
OL-0000621,O-000259,P-200,8,4860.00,0.10
OL-0000622,O-000260,P-110,1,1382.25,0.03
OL-0000623,O-000260,P-100,2,825.00,0.00
OL-0000624,O-000261,P-100,1,742.50,0.10
OL-0000625,O-000261,P-110,7,1382.25,0.03
OL-0000626,O-000261,P-210,1,912.00,0.05
OL-0000627,O-000261,P-310,3,185.00,0.00
OL-0000628,O-000262,P-210,7,960.00,0.00
OL-0000629,O-000262,P-310,8,185.00,0.00
OL-0000630,O-000263,P-200,2,5400.00,0.00
OL-0000631,O-000263,P-100,3,825.00,0.00
OL-0000632,O-000263,P-100,4,783.75,0.05
OL-0000633,O-000264,P-310,6,175.75,0.05
OL-0000634,O-000264,P-300,7,2880.00,0.10
OL-0000635,O-000264,P-300,6,2880.00,0.10
OL-0000636,O-000264,P-300,8,3104.00,0.03
OL-0000637,O-000265,P-300,8,3104.00,0.03
OL-0000638,O-000265,P-210,7,864.00,0.10
OL-0000639,O-000265,P-110,8,1353.75,0.05
OL-0000640,O-000266,P-100,8,783.75,0.05
OL-0000641,O-000266,P-100,4,825.00,0.00
OL-0000642,O-000266,P-300,8,2880.00,0.10
OL-0000643,O-000266,P-310,8,166.50,0.10
OL-0000644,O-000267,P-200,6,5400.00,0.00
OL-0000645,O-000267,P-210,7,864.00,0.10
OL-0000646,O-000267,P-200,5,5130.00,0.05
OL-0000647,O-000268,P-110,2,1353.75,0.05
OL-0000648,O-000268,P-110,8,1282.50,0.10
OL-0000649,O-000269,P-110,8,1282.50,0.10
OL-0000650,O-000270,P-300,3,2880.00,0.10
OL-0000651,O-000271,P-100,4,825.00,0.00
OL-0000652,O-000272,P-200,3,5238.00,0.03
OL-0000653,O-000272,P-110,5,1353.75,0.05
OL-0000654,O-000272,P-310,1,185.00,0.00
OL-0000655,O-000272,P-300,1,3200.00,0.00
OL-0000656,O-000273,P-310,4,185.00,0.00
OL-0000657,O-000273,P-110,4,1353.75,0.05
OL-0000658,O-000273,P-200,3,5238.00,0.03
OL-0000659,O-000274,P-100,5,742.50,0.10
OL-0000660,O-000275,P-110,5,1425.00,0.00
OL-0000661,O-000275,P-210,5,864.00,0.10
OL-0000662,O-000276,P-300,8,3200.00,0.00
OL-0000663,O-000277,P-210,2,960.00,0.00
OL-0000664,O-000278,P-200,5,5130.00,0.05
OL-0000665,O-000278,P-110,8,1353.75,0.05
OL-0000666,O-000278,P-200,8,5238.00,0.03
OL-0000667,O-000279,P-200,7,5238.00,0.03
OL-0000668,O-000279,P-100,7,742.50,0.10
OL-0000669,O-000280,P-200,6,5400.00,0.00
OL-0000670,O-000280,P-200,4,5400.00,0.00
OL-0000671,O-000280,P-310,3,166.50,0.10
OL-0000672,O-000281,P-100,4,825.00,0.00
OL-0000673,O-000281,P-310,2,179.45,0.03
OL-0000674,O-000281,P-110,5,1282.50,0.10
OL-0000675,O-000282,P-110,8,1282.50,0.10
OL-0000676,O-000282,P-210,4,960.00,0.00
OL-0000677,O-000282,P-200,8,5238.00,0.03
OL-0000678,O-000283,P-210,5,912.00,0.05
OL-0000679,O-000284,P-210,7,912.00,0.05
OL-0000680,O-000284,P-100,5,783.75,0.05
OL-0000681,O-000284,P-100,8,825.00,0.00
OL-0000682,O-000285,P-300,3,2880.00,0.10
OL-0000683,O-000285,P-310,6,179.45,0.03
OL-0000684,O-000285,P-200,2,5400.00,0.00
OL-0000685,O-000286,P-200,7,5238.00,0.03
OL-0000686,O-000287,P-210,7,960.00,0.00
OL-0000687,O-000287,P-100,8,783.75,0.05
OL-0000688,O-000287,P-300,5,3104.00,0.03
OL-0000689,O-000288,P-300,6,3104.00,0.03
OL-0000690,O-000288,P-210,8,960.00,0.00
OL-0000691,O-000288,P-300,7,3200.00,0.00
OL-0000692,O-000288,P-110,3,1282.50,0.10
OL-0000693,O-000289,P-110,3,1282.50,0.10
OL-0000694,O-000290,P-200,2,5400.00,0.00
OL-0000695,O-000291,P-300,6,3104.00,0.03
OL-0000696,O-000291,P-110,6,1425.00,0.00
OL-0000697,O-000291,P-200,1,5238.00,0.03
OL-0000698,O-000291,P-100,6,800.25,0.03
OL-0000699,O-000292,P-210,3,864.00,0.10
OL-0000700,O-000292,P-200,5,5400.00,0.00
OL-0000701,O-000293,P-210,1,912.00,0.05
OL-0000702,O-000293,P-200,7,5130.00,0.05
OL-0000703,O-000294,P-300,6,3104.00,0.03
OL-0000704,O-000294,P-310,6,175.75,0.05
OL-0000705,O-000295,P-100,3,742.50,0.10
OL-0000706,O-000295,P-300,1,3104.00,0.03
OL-0000707,O-000296,P-300,1,2880.00,0.10
OL-0000708,O-000296,P-210,3,912.00,0.05
OL-0000709,O-000297,P-210,1,864.00,0.10
OL-0000710,O-000297,P-100,6,783.75,0.05
OL-0000711,O-000297,P-100,5,783.75,0.05
OL-0000712,O-000298,P-100,1,800.25,0.03
OL-0000713,O-000298,P-310,3,179.45,0.03
OL-0000714,O-000298,P-110,6,1382.25,0.03
OL-0000715,O-000298,P-100,7,742.50,0.10
OL-0000716,O-000299,P-100,1,800.25,0.03
OL-0000717,O-000300,P-200,7,5238.00,0.03
OL-0000718,O-000300,P-210,2,931.20,0.03
OL-0000719,O-000300,P-310,7,166.50,0.10
OL-0000720,O-000300,P-100,2,742.50,0.10
OL-0000721,O-000301,P-100,5,800.25,0.03
OL-0000722,O-000301,P-310,6,179.45,0.03
OL-0000723,O-000301,P-300,4,3104.00,0.03
OL-0000724,O-000301,P-310,6,185.00,0.00
OL-0000725,O-000302,P-300,3,3104.00,0.03
OL-0000726,O-000303,P-310,4,166.50,0.10
OL-0000727,O-000303,P-300,6,3104.00,0.03
OL-0000728,O-000304,P-100,6,783.75,0.05
OL-0000729,O-000304,P-300,4,3104.00,0.03
OL-0000730,O-000305,P-210,1,912.00,0.05
OL-0000731,O-000305,P-110,8,1425.00,0.00
OL-0000732,O-000305,P-310,6,179.45,0.03
OL-0000733,O-000305,P-310,8,166.50,0.10
OL-0000734,O-000306,P-300,8,3040.00,0.05
OL-0000735,O-000307,P-100,5,800.25,0.03
OL-0000736,O-000307,P-200,1,5400.00,0.00
OL-0000737,O-000308,P-310,4,185.00,0.00
OL-0000738,O-000308,P-110,8,1353.75,0.05
OL-0000739,O-000308,P-310,4,166.50,0.10
OL-0000740,O-000309,P-310,2,175.75,0.05
OL-0000741,O-000310,P-310,7,175.75,0.05
OL-0000742,O-000311,P-110,2,1282.50,0.10
OL-0000743,O-000312,P-110,8,1382.25,0.03
OL-0000744,O-000313,P-110,2,1382.25,0.03
OL-0000745,O-000313,P-110,3,1353.75,0.05
OL-0000746,O-000313,P-110,5,1382.25,0.03
OL-0000747,O-000313,P-300,4,2880.00,0.10
OL-0000748,O-000314,P-310,8,179.45,0.03
OL-0000749,O-000314,P-110,3,1282.50,0.10
OL-0000750,O-000314,P-100,5,742.50,0.10
OL-0000751,O-000315,P-110,7,1382.25,0.03
OL-0000752,O-000315,P-310,7,175.75,0.05
OL-0000753,O-000315,P-100,5,825.00,0.00
OL-0000754,O-000315,P-210,7,864.00,0.10
OL-0000755,O-000316,P-110,8,1282.50,0.10
OL-0000756,O-000317,P-200,1,4860.00,0.10
OL-0000757,O-000318,P-200,2,5238.00,0.03
OL-0000758,O-000319,P-210,6,912.00,0.05
OL-0000759,O-000320,P-200,4,4860.00,0.10
OL-0000760,O-000320,P-210,1,864.00,0.10
OL-0000761,O-000321,P-310,3,175.75,0.05
OL-0000762,O-000321,P-100,4,742.50,0.10
OL-0000763,O-000322,P-200,1,4860.00,0.10
OL-0000764,O-000322,P-200,2,5400.00,0.00
OL-0000765,O-000323,P-100,6,783.75,0.05
OL-0000766,O-000324,P-200,8,5130.00,0.05
OL-0000767,O-000324,P-100,6,742.50,0.10
OL-0000768,O-000324,P-100,5,825.00,0.00
OL-0000769,O-000325,P-100,3,783.75,0.05
OL-0000770,O-000325,P-200,6,5400.00,0.00
OL-0000771,O-000325,P-300,2,3200.00,0.00
OL-0000772,O-000325,P-300,5,3104.00,0.03
OL-0000773,O-000326,P-210,6,864.00,0.10
OL-0000774,O-000326,P-200,4,5130.00,0.05
OL-0000775,O-000326,P-300,2,2880.00,0.10
OL-0000776,O-000326,P-200,1,5238.00,0.03
OL-0000777,O-000327,P-110,8,1382.25,0.03
OL-0000778,O-000327,P-110,2,1282.50,0.10
OL-0000779,O-000327,P-310,7,166.50,0.10
OL-0000780,O-000328,P-200,4,4860.00,0.10
OL-0000781,O-000328,P-200,1,4860.00,0.10
OL-0000782,O-000329,P-300,1,3040.00,0.05
OL-0000783,O-000329,P-110,4,1282.50,0.10
OL-0000784,O-000329,P-100,1,783.75,0.05
OL-0000785,O-000329,P-310,4,179.45,0.03
OL-0000786,O-000330,P-210,4,960.00,0.00
OL-0000787,O-000330,P-210,7,864.00,0.10
OL-0000788,O-000330,P-300,5,2880.00,0.10
OL-0000789,O-000331,P-110,1,1282.50,0.10
OL-0000790,O-000331,P-210,1,912.00,0.05
OL-0000791,O-000331,P-110,7,1425.00,0.00
OL-0000792,O-000332,P-300,4,3040.00,0.05
OL-0000793,O-000332,P-310,7,166.50,0.10
OL-0000794,O-000333,P-300,2,3200.00,0.00
OL-0000795,O-000333,P-110,4,1282.50,0.10
OL-0000796,O-000334,P-110,8,1353.75,0.05
OL-0000797,O-000335,P-210,7,960.00,0.00
OL-0000798,O-000335,P-100,8,825.00,0.00
OL-0000799,O-000335,P-210,2,864.00,0.10
OL-0000800,O-000335,P-300,8,2880.00,0.10
OL-0000801,O-000336,P-110,4,1353.75,0.05
OL-0000802,O-000336,P-210,3,960.00,0.00
OL-0000803,O-000336,P-210,4,912.00,0.05
OL-0000804,O-000336,P-210,1,931.20,0.03
OL-0000805,O-000337,P-110,8,1282.50,0.10
OL-0000806,O-000337,P-200,2,5238.00,0.03
OL-0000807,O-000337,P-100,6,783.75,0.05
OL-0000808,O-000337,P-110,5,1425.00,0.00
OL-0000809,O-000338,P-300,8,3040.00,0.05
OL-0000810,O-000338,P-310,3,179.45,0.03
OL-0000811,O-000339,P-310,7,185.00,0.00
OL-0000812,O-000339,P-210,2,960.00,0.00
OL-0000813,O-000339,P-110,1,1425.00,0.00
OL-0000814,O-000340,P-200,3,5238.00,0.03
OL-0000815,O-000340,P-300,2,3200.00,0.00
OL-0000816,O-000340,P-200,8,4860.00,0.10
OL-0000817,O-000340,P-310,5,175.75,0.05
OL-0000818,O-000341,P-310,5,175.75,0.05
OL-0000819,O-000341,P-300,4,3104.00,0.03
OL-0000820,O-000341,P-200,5,5238.00,0.03
OL-0000821,O-000341,P-100,5,783.75,0.05
OL-0000822,O-000342,P-110,4,1425.00,0.00
OL-0000823,O-000342,P-200,7,5238.00,0.03
OL-0000824,O-000342,P-100,2,783.75,0.05
OL-0000825,O-000343,P-100,3,825.00,0.00
OL-0000826,O-000343,P-110,7,1382.25,0.03
OL-0000827,O-000343,P-310,3,179.45,0.03
OL-0000828,O-000344,P-200,7,4860.00,0.10
OL-0000829,O-000344,P-310,5,185.00,0.00
OL-0000830,O-000344,P-100,8,800.25,0.03
OL-0000831,O-000345,P-110,7,1282.50,0.10
OL-0000832,O-000345,P-310,2,179.45,0.03
OL-0000833,O-000345,P-110,2,1282.50,0.10
OL-0000834,O-000345,P-210,3,931.20,0.03
OL-0000835,O-000346,P-200,8,5238.00,0.03
OL-0000836,O-000347,P-110,6,1353.75,0.05
OL-0000837,O-000347,P-200,3,5238.00,0.03
OL-0000838,O-000348,P-310,8,185.00,0.00
OL-0000839,O-000348,P-200,7,5238.00,0.03
OL-0000840,O-000348,P-200,6,5400.00,0.00
OL-0000841,O-000348,P-110,3,1282.50,0.10
OL-0000842,O-000349,P-200,4,4860.00,0.10
OL-0000843,O-000349,P-300,3,3200.00,0.00
OL-0000844,O-000350,P-300,5,2880.00,0.10
OL-0000845,O-000350,P-310,4,166.50,0.10
OL-0000846,O-000351,P-310,1,166.50,0.10
OL-0000847,O-000352,P-210,2,931.20,0.03
OL-0000848,O-000353,P-110,6,1425.00,0.00
OL-0000849,O-000353,P-310,3,175.75,0.05
OL-0000850,O-000354,P-100,6,800.25,0.03
OL-0000851,O-000354,P-100,6,825.00,0.00
OL-0000852,O-000354,P-200,6,5238.00,0.03
OL-0000853,O-000355,P-110,1,1282.50,0.10
OL-0000854,O-000355,P-110,4,1353.75,0.05
OL-0000855,O-000355,P-110,1,1353.75,0.05
OL-0000856,O-000356,P-100,1,783.75,0.05
OL-0000857,O-000356,P-310,8,166.50,0.10
OL-0000858,O-000356,P-300,8,3104.00,0.03
OL-0000859,O-000357,P-310,3,185.00,0.00
OL-0000860,O-000357,P-310,1,179.45,0.03
OL-0000861,O-000358,P-210,6,931.20,0.03
OL-0000862,O-000358,P-210,3,912.00,0.05
OL-0000863,O-000358,P-100,2,825.00,0.00
OL-0000864,O-000358,P-100,1,825.00,0.00
OL-0000865,O-000359,P-110,7,1282.50,0.10
OL-0000866,O-000359,P-110,5,1382.25,0.03
OL-0000867,O-000359,P-110,7,1425.00,0.00
OL-0000868,O-000359,P-200,8,4860.00,0.10
OL-0000869,O-000360,P-210,5,912.00,0.05
OL-0000870,O-000360,P-110,4,1353.75,0.05
OL-0000871,O-000361,P-210,3,931.20,0.03
OL-0000872,O-000361,P-310,4,179.45,0.03
OL-0000873,O-000361,P-110,4,1382.25,0.03
OL-0000874,O-000362,P-100,7,783.75,0.05
OL-0000875,O-000362,P-110,5,1425.00,0.00
OL-0000876,O-000362,P-310,5,166.50,0.10
OL-0000877,O-000362,P-310,5,166.50,0.10
OL-0000878,O-000363,P-300,1,2880.00,0.10
OL-0000879,O-000364,P-310,4,166.50,0.10
OL-0000880,O-000364,P-310,2,185.00,0.00
OL-0000881,O-000364,P-100,6,783.75,0.05
OL-0000882,O-000364,P-100,4,800.25,0.03
OL-0000883,O-000365,P-210,7,931.20,0.03
OL-0000884,O-000365,P-110,8,1382.25,0.03
OL-0000885,O-000365,P-300,2,2880.00,0.10
OL-0000886,O-000366,P-110,1,1282.50,0.10
OL-0000887,O-000366,P-110,5,1353.75,0.05
OL-0000888,O-000366,P-300,1,3104.00,0.03
OL-0000889,O-000366,P-100,1,783.75,0.05
OL-0000890,O-000367,P-110,5,1353.75,0.05
OL-0000891,O-000367,P-110,4,1353.75,0.05
OL-0000892,O-000367,P-210,6,864.00,0.10
OL-0000893,O-000368,P-200,4,5400.00,0.00
OL-0000894,O-000368,P-310,3,166.50,0.10
OL-0000895,O-000368,P-100,3,800.25,0.03
OL-0000896,O-000369,P-200,8,5130.00,0.05
OL-0000897,O-000369,P-110,8,1282.50,0.10
OL-0000898,O-000369,P-210,7,912.00,0.05
OL-0000899,O-000369,P-100,5,825.00,0.00
OL-0000900,O-000370,P-310,2,185.00,0.00
OL-0000901,O-000370,P-110,1,1282.50,0.10
OL-0000902,O-000370,P-310,3,175.75,0.05
OL-0000903,O-000371,P-200,8,5130.00,0.05
OL-0000904,O-000371,P-300,7,2880.00,0.10
OL-0000905,O-000371,P-200,4,5130.00,0.05
OL-0000906,O-000372,P-200,7,5130.00,0.05
OL-0000907,O-000372,P-310,3,185.00,0.00
OL-0000908,O-000372,P-210,6,960.00,0.00
OL-0000909,O-000372,P-100,1,783.75,0.05
OL-0000910,O-000373,P-310,7,179.45,0.03
OL-0000911,O-000374,P-200,5,4860.00,0.10
OL-0000912,O-000374,P-200,5,5238.00,0.03
OL-0000913,O-000374,P-110,1,1353.75,0.05
OL-0000914,O-000374,P-310,5,175.75,0.05
OL-0000915,O-000375,P-310,4,185.00,0.00
OL-0000916,O-000375,P-200,3,4860.00,0.10
OL-0000917,O-000375,P-310,7,175.75,0.05
OL-0000918,O-000375,P-310,3,166.50,0.10
OL-0000919,O-000376,P-110,3,1282.50,0.10
OL-0000920,O-000376,P-300,2,2880.00,0.10
OL-0000921,O-000376,P-200,1,4860.00,0.10
OL-0000922,O-000377,P-200,4,4860.00,0.10
OL-0000923,O-000377,P-310,5,179.45,0.03
OL-0000924,O-000378,P-210,3,931.20,0.03
OL-0000925,O-000378,P-310,7,179.45,0.03
OL-0000926,O-000378,P-110,7,1282.50,0.10
OL-0000927,O-000378,P-110,3,1425.00,0.00
OL-0000928,O-000379,P-300,7,2880.00,0.10
OL-0000929,O-000379,P-110,8,1282.50,0.10
OL-0000930,O-000379,P-110,7,1353.75,0.05
OL-0000931,O-000379,P-210,5,912.00,0.05
OL-0000932,O-000380,P-200,3,5238.00,0.03
OL-0000933,O-000380,P-110,1,1382.25,0.03
OL-0000934,O-000381,P-100,1,783.75,0.05
OL-0000935,O-000382,P-100,6,800.25,0.03
OL-0000936,O-000383,P-100,2,825.00,0.00
OL-0000937,O-000383,P-310,8,175.75,0.05
OL-0000938,O-000384,P-100,8,783.75,0.05
OL-0000939,O-000384,P-300,1,3104.00,0.03
OL-0000940,O-000385,P-100,8,825.00,0.00
OL-0000941,O-000386,P-110,7,1353.75,0.05
OL-0000942,O-000387,P-310,8,185.00,0.00
OL-0000943,O-000388,P-300,8,3104.00,0.03
OL-0000944,O-000388,P-310,6,179.45,0.03
OL-0000945,O-000389,P-300,5,3104.00,0.03
OL-0000946,O-000389,P-210,4,912.00,0.05
OL-0000947,O-000389,P-210,6,864.00,0.10
OL-0000948,O-000389,P-100,5,742.50,0.10
OL-0000949,O-000390,P-300,4,3040.00,0.05
OL-0000950,O-000390,P-100,5,800.25,0.03
OL-0000951,O-000391,P-100,1,800.25,0.03
OL-0000952,O-000391,P-310,4,175.75,0.05
OL-0000953,O-000391,P-210,4,960.00,0.00
OL-0000954,O-000391,P-200,7,5130.00,0.05
OL-0000955,O-000392,P-210,8,931.20,0.03
OL-0000956,O-000392,P-310,1,175.75,0.05
OL-0000957,O-000393,P-300,2,3200.00,0.00
OL-0000958,O-000393,P-100,8,742.50,0.10
OL-0000959,O-000393,P-300,5,3200.00,0.00
OL-0000960,O-000393,P-200,3,5238.00,0.03
OL-0000961,O-000394,P-110,4,1425.00,0.00
OL-0000962,O-000394,P-310,3,166.50,0.10
OL-0000963,O-000394,P-110,1,1425.00,0.00
OL-0000964,O-000395,P-210,1,960.00,0.00
OL-0000965,O-000395,P-100,1,800.25,0.03
OL-0000966,O-000395,P-310,8,179.45,0.03
OL-0000967,O-000396,P-110,4,1282.50,0.10
OL-0000968,O-000397,P-210,6,960.00,0.00
OL-0000969,O-000397,P-210,5,931.20,0.03
OL-0000970,O-000398,P-210,3,931.20,0.03
OL-0000971,O-000399,P-100,6,783.75,0.05
OL-0000972,O-000399,P-310,8,166.50,0.10
OL-0000973,O-000400,P-200,1,4860.00,0.10
OL-0000974,O-000400,P-100,1,783.75,0.05
OL-0000975,O-000400,P-110,4,1353.75,0.05
OL-0000976,O-000401,P-200,2,5238.00,0.03
OL-0000977,O-000401,P-300,2,3040.00,0.05
OL-0000978,O-000402,P-200,4,5400.00,0.00
OL-0000979,O-000402,P-100,1,742.50,0.10
OL-0000980,O-000403,P-310,6,185.00,0.00
OL-0000981,O-000403,P-210,2,864.00,0.10
OL-0000982,O-000403,P-110,4,1282.50,0.10
OL-0000983,O-000403,P-100,4,825.00,0.00
OL-0000984,O-000404,P-200,5,4860.00,0.10
OL-0000985,O-000404,P-310,4,185.00,0.00
OL-0000986,O-000404,P-200,3,5400.00,0.00
OL-0000987,O-000404,P-200,1,5400.00,0.00
OL-0000988,O-000405,P-110,1,1382.25,0.03
OL-0000989,O-000405,P-310,5,166.50,0.10
OL-0000990,O-000406,P-300,3,2880.00,0.10
OL-0000991,O-000407,P-310,8,175.75,0.05
OL-0000992,O-000407,P-100,3,800.25,0.03
OL-0000993,O-000407,P-110,4,1382.25,0.03
OL-0000994,O-000408,P-100,8,783.75,0.05
OL-0000995,O-000408,P-110,1,1382.25,0.03
OL-0000996,O-000408,P-210,8,864.00,0.10
OL-0000997,O-000409,P-300,5,3200.00,0.00
OL-0000998,O-000409,P-100,8,800.25,0.03
OL-0000999,O-000409,P-110,2,1353.75,0.05
OL-0001000,O-000410,P-300,4,3200.00,0.00
OL-0001001,O-000410,P-300,4,3200.00,0.00
OL-0001002,O-000411,P-100,4,742.50,0.10
OL-0001003,O-000411,P-300,6,3104.00,0.03
OL-0001004,O-000411,P-100,4,825.00,0.00
OL-0001005,O-000411,P-200,6,5130.00,0.05
OL-0001006,O-000412,P-100,1,825.00,0.00
OL-0001007,O-000413,P-300,6,3104.00,0.03
OL-0001008,O-000413,P-200,2,4860.00,0.10
OL-0001009,O-000414,P-300,2,3104.00,0.03
OL-0001010,O-000414,P-210,2,912.00,0.05
OL-0001011,O-000415,P-310,6,175.75,0.05
OL-0001012,O-000415,P-110,2,1282.50,0.10
OL-0001013,O-000415,P-100,3,742.50,0.10
OL-0001014,O-000416,P-100,5,800.25,0.03
OL-0001015,O-000416,P-310,1,179.45,0.03
OL-0001016,O-000417,P-100,7,800.25,0.03
OL-0001017,O-000417,P-210,2,912.00,0.05
OL-0001018,O-000418,P-200,1,5400.00,0.00
OL-0001019,O-000418,P-200,3,5130.00,0.05
OL-0001020,O-000419,P-310,4,185.00,0.00
OL-0001021,O-000419,P-300,6,3104.00,0.03
OL-0001022,O-000419,P-100,8,825.00,0.00
OL-0001023,O-000419,P-100,1,742.50,0.10
OL-0001024,O-000420,P-110,1,1382.25,0.03
OL-0001025,O-000421,P-110,6,1382.25,0.03
OL-0001026,O-000421,P-310,8,179.45,0.03
OL-0001027,O-000421,P-310,2,166.50,0.10
OL-0001028,O-000422,P-110,6,1353.75,0.05
OL-0001029,O-000422,P-110,5,1353.75,0.05
OL-0001030,O-000422,P-210,8,960.00,0.00
OL-0001031,O-000422,P-110,4,1425.00,0.00
OL-0001032,O-000423,P-210,8,960.00,0.00
OL-0001033,O-000423,P-200,7,5400.00,0.00
OL-0001034,O-000423,P-110,8,1282.50,0.10
OL-0001035,O-000423,P-200,8,4860.00,0.10
OL-0001036,O-000424,P-300,6,3104.00,0.03
OL-0001037,O-000424,P-200,6,5238.00,0.03
OL-0001038,O-000424,P-200,6,5238.00,0.03
OL-0001039,O-000425,P-300,3,3040.00,0.05
OL-0001040,O-000425,P-210,6,912.00,0.05
OL-0001041,O-000425,P-210,3,912.00,0.05
OL-0001042,O-000425,P-310,1,179.45,0.03
OL-0001043,O-000426,P-100,3,825.00,0.00
OL-0001044,O-000427,P-310,7,175.75,0.05
OL-0001045,O-000427,P-100,1,825.00,0.00
OL-0001046,O-000427,P-300,7,3040.00,0.05
OL-0001047,O-000427,P-210,6,864.00,0.10
OL-0001048,O-000428,P-210,8,960.00,0.00
OL-0001049,O-000428,P-210,7,960.00,0.00
OL-0001050,O-000428,P-210,6,864.00,0.10
OL-0001051,O-000429,P-200,3,5238.00,0.03
OL-0001052,O-000429,P-200,4,5400.00,0.00
OL-0001053,O-000429,P-300,5,2880.00,0.10
OL-0001054,O-000430,P-310,3,175.75,0.05
OL-0001055,O-000430,P-110,5,1353.75,0.05
OL-0001056,O-000430,P-310,8,185.00,0.00
OL-0001057,O-000431,P-110,4,1282.50,0.10
OL-0001058,O-000431,P-210,2,931.20,0.03
OL-0001059,O-000431,P-100,2,825.00,0.00
OL-0001060,O-000432,P-210,2,912.00,0.05
OL-0001061,O-000432,P-210,3,931.20,0.03
OL-0001062,O-000432,P-200,1,5400.00,0.00
OL-0001063,O-000432,P-210,2,864.00,0.10
OL-0001064,O-000433,P-100,4,825.00,0.00
OL-0001065,O-000434,P-210,6,960.00,0.00
OL-0001066,O-000435,P-300,3,3104.00,0.03
OL-0001067,O-000435,P-300,4,2880.00,0.10
OL-0001068,O-000435,P-200,2,4860.00,0.10
OL-0001069,O-000435,P-110,3,1425.00,0.00
OL-0001070,O-000436,P-210,4,931.20,0.03
OL-0001071,O-000437,P-200,4,5130.00,0.05
OL-0001072,O-000437,P-210,6,864.00,0.10
OL-0001073,O-000437,P-310,2,179.45,0.03
OL-0001074,O-000437,P-210,8,864.00,0.10
OL-0001075,O-000438,P-300,1,3200.00,0.00
OL-0001076,O-000438,P-210,3,960.00,0.00
OL-0001077,O-000438,P-200,7,5400.00,0.00
OL-0001078,O-000439,P-210,3,912.00,0.05
OL-0001079,O-000439,P-310,3,175.75,0.05
OL-0001080,O-000440,P-110,8,1425.00,0.00
OL-0001081,O-000440,P-100,5,825.00,0.00
OL-0001082,O-000441,P-110,4,1282.50,0.10
OL-0001083,O-000442,P-200,3,5400.00,0.00
OL-0001084,O-000442,P-200,3,5238.00,0.03
OL-0001085,O-000442,P-100,5,825.00,0.00
OL-0001086,O-000443,P-300,6,2880.00,0.10
OL-0001087,O-000443,P-300,3,3040.00,0.05
OL-0001088,O-000443,P-100,7,783.75,0.05
OL-0001089,O-000444,P-200,8,5238.00,0.03
OL-0001090,O-000445,P-210,2,931.20,0.03
OL-0001091,O-000445,P-110,4,1425.00,0.00
OL-0001092,O-000446,P-200,6,5130.00,0.05
OL-0001093,O-000447,P-200,3,4860.00,0.10
OL-0001094,O-000448,P-310,4,179.45,0.03
OL-0001095,O-000448,P-210,4,960.00,0.00
OL-0001096,O-000448,P-110,8,1353.75,0.05
OL-0001097,O-000448,P-110,8,1353.75,0.05
OL-0001098,O-000449,P-100,2,742.50,0.10
OL-0001099,O-000449,P-210,6,960.00,0.00
OL-0001100,O-000449,P-210,8,912.00,0.05
OL-0001101,O-000449,P-110,7,1425.00,0.00
OL-0001102,O-000450,P-310,7,179.45,0.03
OL-0001103,O-000450,P-310,6,166.50,0.10
OL-0001104,O-000450,P-300,3,2880.00,0.10
OL-0001105,O-000451,P-200,8,5130.00,0.05
OL-0001106,O-000452,P-300,6,2880.00,0.10
OL-0001107,O-000452,P-100,2,742.50,0.10
OL-0001108,O-000452,P-200,3,5238.00,0.03
OL-0001109,O-000452,P-210,8,960.00,0.00
OL-0001110,O-000453,P-210,3,960.00,0.00
OL-0001111,O-000453,P-310,1,179.45,0.03
OL-0001112,O-000453,P-110,1,1353.75,0.05
OL-0001113,O-000454,P-310,1,166.50,0.10
OL-0001114,O-000454,P-210,3,864.00,0.10
OL-0001115,O-000455,P-300,4,3040.00,0.05
OL-0001116,O-000456,P-200,6,4860.00,0.10
OL-0001117,O-000456,P-100,7,783.75,0.05
OL-0001118,O-000456,P-100,2,742.50,0.10
OL-0001119,O-000456,P-310,8,166.50,0.10
OL-0001120,O-000457,P-210,1,960.00,0.00
OL-0001121,O-000458,P-110,3,1382.25,0.03
OL-0001122,O-000458,P-100,7,742.50,0.10
OL-0001123,O-000458,P-210,8,912.00,0.05
OL-0001124,O-000458,P-310,6,166.50,0.10
OL-0001125,O-000459,P-200,5,5400.00,0.00
OL-0001126,O-000460,P-210,5,960.00,0.00
OL-0001127,O-000460,P-300,5,2880.00,0.10
OL-0001128,O-000460,P-200,4,4860.00,0.10
OL-0001129,O-000460,P-310,4,166.50,0.10
OL-0001130,O-000461,P-310,8,175.75,0.05
OL-0001131,O-000461,P-310,3,185.00,0.00
OL-0001132,O-000461,P-310,3,175.75,0.05
OL-0001133,O-000462,P-300,5,3104.00,0.03
OL-0001134,O-000463,P-100,6,742.50,0.10
OL-0001135,O-000463,P-300,6,3040.00,0.05
OL-0001136,O-000463,P-100,5,825.00,0.00
OL-0001137,O-000463,P-110,3,1382.25,0.03
OL-0001138,O-000464,P-100,5,800.25,0.03
OL-0001139,O-000464,P-100,4,783.75,0.05
OL-0001140,O-000464,P-310,7,179.45,0.03
OL-0001141,O-000464,P-100,1,742.50,0.10
OL-0001142,O-000465,P-310,8,185.00,0.00
OL-0001143,O-000465,P-200,3,5130.00,0.05
OL-0001144,O-000466,P-110,5,1353.75,0.05
OL-0001145,O-000466,P-210,5,864.00,0.10
OL-0001146,O-000466,P-200,1,5400.00,0.00
OL-0001147,O-000467,P-100,6,825.00,0.00
OL-0001148,O-000467,P-110,5,1382.25,0.03
OL-0001149,O-000468,P-200,1,5400.00,0.00
OL-0001150,O-000468,P-100,7,783.75,0.05
OL-0001151,O-000469,P-200,8,5238.00,0.03
OL-0001152,O-000469,P-210,2,960.00,0.00
OL-0001153,O-000469,P-210,5,931.20,0.03
OL-0001154,O-000470,P-310,5,179.45,0.03
OL-0001155,O-000470,P-200,3,5130.00,0.05
OL-0001156,O-000471,P-200,3,5400.00,0.00
OL-0001157,O-000472,P-110,5,1282.50,0.10
OL-0001158,O-000472,P-110,3,1282.50,0.10
OL-0001159,O-000472,P-200,8,5400.00,0.00
OL-0001160,O-000473,P-100,5,800.25,0.03
OL-0001161,O-000473,P-210,1,960.00,0.00
OL-0001162,O-000474,P-110,3,1425.00,0.00
OL-0001163,O-000474,P-200,7,5130.00,0.05
OL-0001164,O-000474,P-300,5,3200.00,0.00
OL-0001165,O-000474,P-110,7,1282.50,0.10
OL-0001166,O-000475,P-300,2,3200.00,0.00
OL-0001167,O-000475,P-300,7,3200.00,0.00
OL-0001168,O-000475,P-210,5,864.00,0.10
OL-0001169,O-000475,P-100,2,800.25,0.03
OL-0001170,O-000476,P-110,7,1282.50,0.10
OL-0001171,O-000477,P-100,1,800.25,0.03
OL-0001172,O-000477,P-110,6,1353.75,0.05
OL-0001173,O-000478,P-310,8,179.45,0.03
OL-0001174,O-000479,P-200,7,5238.00,0.03
OL-0001175,O-000480,P-100,4,825.00,0.00
OL-0001176,O-000480,P-100,4,825.00,0.00
OL-0001177,O-000480,P-300,3,3040.00,0.05
OL-0001178,O-000480,P-310,4,175.75,0.05
OL-0001179,O-000481,P-210,3,912.00,0.05
OL-0001180,O-000481,P-300,7,3200.00,0.00
OL-0001181,O-000482,P-300,6,3104.00,0.03
OL-0001182,O-000482,P-300,2,2880.00,0.10
OL-0001183,O-000483,P-110,7,1353.75,0.05
OL-0001184,O-000483,P-210,3,931.20,0.03
OL-0001185,O-000483,P-200,6,5238.00,0.03
OL-0001186,O-000484,P-310,4,166.50,0.10
OL-0001187,O-000484,P-300,6,2880.00,0.10
OL-0001188,O-000484,P-100,8,800.25,0.03
OL-0001189,O-000484,P-100,6,783.75,0.05
OL-0001190,O-000485,P-310,3,185.00,0.00
OL-0001191,O-000486,P-210,3,864.00,0.10
OL-0001192,O-000486,P-110,4,1282.50,0.10
OL-0001193,O-000486,P-210,8,960.00,0.00
OL-0001194,O-000486,P-200,7,5400.00,0.00
OL-0001195,O-000487,P-300,5,3040.00,0.05
OL-0001196,O-000487,P-100,3,742.50,0.10
OL-0001197,O-000487,P-200,5,5238.00,0.03
OL-0001198,O-000487,P-300,1,3200.00,0.00
OL-0001199,O-000488,P-110,4,1353.75,0.05
OL-0001200,O-000488,P-110,5,1353.75,0.05
OL-0001201,O-000489,P-110,8,1282.50,0.10
OL-0001202,O-000489,P-210,3,931.20,0.03
OL-0001203,O-000490,P-310,4,166.50,0.10
OL-0001204,O-000490,P-210,7,960.00,0.00
OL-0001205,O-000490,P-300,7,3104.00,0.03
OL-0001206,O-000491,P-310,7,179.45,0.03
OL-0001207,O-000491,P-300,8,2880.00,0.10
OL-0001208,O-000491,P-100,7,742.50,0.10
OL-0001209,O-000491,P-300,2,3040.00,0.05
OL-0001210,O-000492,P-110,8,1282.50,0.10
OL-0001211,O-000492,P-300,6,3040.00,0.05
OL-0001212,O-000492,P-110,2,1282.50,0.10
OL-0001213,O-000493,P-200,6,5400.00,0.00
OL-0001214,O-000493,P-110,4,1282.50,0.10
OL-0001215,O-000493,P-100,4,800.25,0.03
OL-0001216,O-000493,P-310,8,166.50,0.10
OL-0001217,O-000494,P-310,8,179.45,0.03
OL-0001218,O-000494,P-210,2,960.00,0.00
OL-0001219,O-000494,P-110,8,1353.75,0.05
OL-0001220,O-000495,P-100,7,800.25,0.03
OL-0001221,O-000495,P-200,1,5130.00,0.05
OL-0001222,O-000495,P-200,1,5130.00,0.05
OL-0001223,O-000496,P-110,6,1382.25,0.03
OL-0001224,O-000496,P-200,3,4860.00,0.10
OL-0001225,O-000496,P-200,4,4860.00,0.10
OL-0001226,O-000497,P-210,7,864.00,0.10
OL-0001227,O-000498,P-300,5,2880.00,0.10
OL-0001228,O-000498,P-300,1,3200.00,0.00
OL-0001229,O-000499,P-310,6,185.00,0.00
OL-0001230,O-000499,P-100,6,825.00,0.00
OL-0001231,O-000499,P-210,3,912.00,0.05
OL-0001232,O-000499,P-110,5,1353.75,0.05
OL-0001233,O-000500,P-100,4,800.25,0.03
OL-0001234,O-000500,P-110,1,1353.75,0.05
OL-0001235,O-000500,P-210,1,912.00,0.05
OL-0001236,O-000501,P-310,8,179.45,0.03
OL-0001237,O-000501,P-200,5,4860.00,0.10
OL-0001238,O-000501,P-310,2,175.75,0.05
OL-0001239,O-000501,P-210,8,864.00,0.10
OL-0001240,O-000502,P-110,1,1425.00,0.00
OL-0001241,O-000502,P-310,4,179.45,0.03
OL-0001242,O-000502,P-210,2,931.20,0.03
OL-0001243,O-000503,P-200,2,5238.00,0.03
OL-0001244,O-000503,P-310,8,179.45,0.03
OL-0001245,O-000504,P-200,6,4860.00,0.10
OL-0001246,O-000504,P-110,1,1282.50,0.10
OL-0001247,O-000504,P-100,1,783.75,0.05
OL-0001248,O-000504,P-310,5,166.50,0.10
OL-0001249,O-000505,P-210,8,912.00,0.05
OL-0001250,O-000505,P-100,4,742.50,0.10
OL-0001251,O-000505,P-300,4,3200.00,0.00
OL-0001252,O-000505,P-100,6,783.75,0.05
OL-0001253,O-000506,P-310,2,179.45,0.03
OL-0001254,O-000507,P-210,6,960.00,0.00
OL-0001255,O-000507,P-200,2,4860.00,0.10
OL-0001256,O-000507,P-310,5,166.50,0.10
OL-0001257,O-000507,P-200,2,5400.00,0.00
OL-0001258,O-000508,P-300,1,2880.00,0.10
OL-0001259,O-000509,P-310,1,175.75,0.05
OL-0001260,O-000509,P-310,3,175.75,0.05
OL-0001261,O-000509,P-100,5,825.00,0.00
OL-0001262,O-000510,P-300,4,3104.00,0.03
OL-0001263,O-000511,P-200,3,5238.00,0.03
OL-0001264,O-000511,P-110,7,1425.00,0.00
OL-0001265,O-000511,P-300,5,3040.00,0.05
OL-0001266,O-000512,P-110,8,1382.25,0.03
OL-0001267,O-000512,P-100,3,825.00,0.00
OL-0001268,O-000512,P-200,7,5400.00,0.00
OL-0001269,O-000512,P-210,6,931.20,0.03
OL-0001270,O-000513,P-200,5,5400.00,0.00
OL-0001271,O-000513,P-200,7,5238.00,0.03
OL-0001272,O-000514,P-100,6,800.25,0.03
OL-0001273,O-000514,P-200,6,4860.00,0.10
OL-0001274,O-000514,P-310,7,179.45,0.03
OL-0001275,O-000515,P-110,8,1353.75,0.05
OL-0001276,O-000515,P-100,3,742.50,0.10
OL-0001277,O-000515,P-100,8,800.25,0.03
OL-0001278,O-000515,P-200,6,5238.00,0.03
OL-0001279,O-000516,P-200,6,5130.00,0.05
OL-0001280,O-000516,P-210,5,960.00,0.00
OL-0001281,O-000516,P-110,8,1282.50,0.10
OL-0001282,O-000516,P-210,8,960.00,0.00
OL-0001283,O-000517,P-310,8,166.50,0.10
OL-0001284,O-000517,P-110,5,1382.25,0.03
OL-0001285,O-000517,P-110,2,1282.50,0.10
OL-0001286,O-000517,P-100,3,825.00,0.00
OL-0001287,O-000518,P-200,3,5400.00,0.00
OL-0001288,O-000519,P-100,8,825.00,0.00
OL-0001289,O-000519,P-100,7,825.00,0.00
OL-0001290,O-000520,P-110,2,1382.25,0.03
OL-0001291,O-000520,P-310,3,175.75,0.05
OL-0001292,O-000520,P-210,7,960.00,0.00
OL-0001293,O-000520,P-100,8,742.50,0.10
OL-0001294,O-000521,P-210,2,912.00,0.05
OL-0001295,O-000521,P-110,2,1353.75,0.05
OL-0001296,O-000522,P-200,3,5400.00,0.00
OL-0001297,O-000522,P-100,7,742.50,0.10
OL-0001298,O-000523,P-200,8,5130.00,0.05
OL-0001299,O-000523,P-100,8,742.50,0.10
OL-0001300,O-000523,P-300,8,3104.00,0.03
OL-0001301,O-000524,P-210,4,960.00,0.00
OL-0001302,O-000524,P-300,7,3200.00,0.00
OL-0001303,O-000524,P-200,2,4860.00,0.10
OL-0001304,O-000525,P-100,7,742.50,0.10
OL-0001305,O-000526,P-300,6,3200.00,0.00
OL-0001306,O-000526,P-110,4,1353.75,0.05
OL-0001307,O-000526,P-200,5,5238.00,0.03
OL-0001308,O-000527,P-310,7,179.45,0.03
OL-0001309,O-000527,P-200,7,4860.00,0.10
OL-0001310,O-000527,P-100,7,742.50,0.10
OL-0001311,O-000528,P-310,5,179.45,0.03
OL-0001312,O-000528,P-200,2,5130.00,0.05
OL-0001313,O-000528,P-300,7,3200.00,0.00
OL-0001314,O-000528,P-110,2,1382.25,0.03
OL-0001315,O-000529,P-210,5,864.00,0.10
OL-0001316,O-000530,P-100,6,742.50,0.10
OL-0001317,O-000530,P-200,4,5130.00,0.05
OL-0001318,O-000530,P-300,8,2880.00,0.10
OL-0001319,O-000531,P-300,4,3200.00,0.00
OL-0001320,O-000531,P-300,7,3040.00,0.05
OL-0001321,O-000532,P-110,1,1425.00,0.00
OL-0001322,O-000532,P-300,4,3200.00,0.00
OL-0001323,O-000532,P-110,3,1353.75,0.05
OL-0001324,O-000532,P-210,4,864.00,0.10
OL-0001325,O-000533,P-210,6,864.00,0.10
OL-0001326,O-000534,P-110,2,1353.75,0.05
OL-0001327,O-000535,P-300,2,3040.00,0.05
OL-0001328,O-000535,P-200,4,5238.00,0.03
OL-0001329,O-000535,P-110,3,1353.75,0.05
OL-0001330,O-000535,P-300,8,3040.00,0.05
OL-0001331,O-000536,P-100,6,742.50,0.10
OL-0001332,O-000536,P-210,3,912.00,0.05
OL-0001333,O-000536,P-110,8,1282.50,0.10
OL-0001334,O-000537,P-300,3,2880.00,0.10
OL-0001335,O-000537,P-300,6,2880.00,0.10
OL-0001336,O-000537,P-110,3,1353.75,0.05
OL-0001337,O-000538,P-200,4,4860.00,0.10
OL-0001338,O-000538,P-210,5,960.00,0.00
OL-0001339,O-000538,P-100,1,783.75,0.05
OL-0001340,O-000539,P-210,1,931.20,0.03
OL-0001341,O-000539,P-200,6,5238.00,0.03
OL-0001342,O-000540,P-300,6,3104.00,0.03
OL-0001343,O-000540,P-210,8,960.00,0.00
OL-0001344,O-000540,P-100,2,800.25,0.03
OL-0001345,O-000541,P-210,4,960.00,0.00
OL-0001346,O-000541,P-100,2,825.00,0.00
OL-0001347,O-000541,P-100,2,742.50,0.10
OL-0001348,O-000542,P-100,1,783.75,0.05
OL-0001349,O-000542,P-300,5,3040.00,0.05
OL-0001350,O-000542,P-100,7,783.75,0.05
OL-0001351,O-000542,P-300,3,2880.00,0.10
OL-0001352,O-000543,P-310,7,185.00,0.00
OL-0001353,O-000543,P-300,4,2880.00,0.10
OL-0001354,O-000543,P-300,6,3040.00,0.05
OL-0001355,O-000544,P-100,6,800.25,0.03
OL-0001356,O-000544,P-100,7,825.00,0.00
OL-0001357,O-000544,P-310,6,179.45,0.03
OL-0001358,O-000544,P-200,6,4860.00,0.10
OL-0001359,O-000545,P-200,8,4860.00,0.10
OL-0001360,O-000545,P-300,6,3040.00,0.05
OL-0001361,O-000545,P-300,3,3200.00,0.00
OL-0001362,O-000546,P-200,6,5130.00,0.05
OL-0001363,O-000546,P-210,5,960.00,0.00
OL-0001364,O-000547,P-210,6,960.00,0.00
OL-0001365,O-000547,P-310,1,166.50,0.10
OL-0001366,O-000547,P-100,6,800.25,0.03
OL-0001367,O-000548,P-200,3,5130.00,0.05
OL-0001368,O-000548,P-200,1,5400.00,0.00
OL-0001369,O-000549,P-210,1,864.00,0.10
OL-0001370,O-000549,P-200,1,5130.00,0.05
OL-0001371,O-000550,P-110,7,1425.00,0.00
OL-0001372,O-000550,P-100,5,783.75,0.05
OL-0001373,O-000550,P-200,3,5130.00,0.05
OL-0001374,O-000551,P-300,1,3200.00,0.00
OL-0001375,O-000551,P-110,8,1353.75,0.05
OL-0001376,O-000551,P-200,2,5400.00,0.00
OL-0001377,O-000552,P-100,6,742.50,0.10
OL-0001378,O-000552,P-300,2,3040.00,0.05
OL-0001379,O-000552,P-210,4,931.20,0.03
OL-0001380,O-000553,P-100,7,742.50,0.10
OL-0001381,O-000553,P-200,5,5400.00,0.00
OL-0001382,O-000553,P-100,3,800.25,0.03
OL-0001383,O-000553,P-210,3,912.00,0.05
OL-0001384,O-000554,P-200,1,5400.00,0.00
OL-0001385,O-000554,P-110,7,1282.50,0.10
OL-0001386,O-000554,P-100,1,825.00,0.00
OL-0001387,O-000555,P-200,4,4860.00,0.10
OL-0001388,O-000555,P-110,4,1382.25,0.03
OL-0001389,O-000555,P-210,4,931.20,0.03
OL-0001390,O-000555,P-210,8,864.00,0.10
OL-0001391,O-000556,P-300,1,3104.00,0.03
OL-0001392,O-000556,P-210,3,864.00,0.10
OL-0001393,O-000556,P-110,7,1425.00,0.00
OL-0001394,O-000556,P-110,5,1425.00,0.00
OL-0001395,O-000557,P-310,3,175.75,0.05
OL-0001396,O-000557,P-210,7,864.00,0.10
OL-0001397,O-000558,P-310,4,175.75,0.05
OL-0001398,O-000558,P-310,1,166.50,0.10
OL-0001399,O-000559,P-310,7,185.00,0.00
OL-0001400,O-000559,P-210,5,864.00,0.10
OL-0001401,O-000559,P-310,8,166.50,0.10
OL-0001402,O-000559,P-300,6,3104.00,0.03
OL-0001403,O-000560,P-110,4,1282.50,0.10
OL-0001404,O-000561,P-210,7,960.00,0.00
OL-0001405,O-000561,P-300,6,3104.00,0.03
OL-0001406,O-000561,P-300,1,3040.00,0.05
OL-0001407,O-000561,P-300,1,3040.00,0.05
OL-0001408,O-000562,P-300,4,3040.00,0.05
OL-0001409,O-000563,P-200,8,4860.00,0.10
OL-0001410,O-000564,P-110,2,1382.25,0.03
OL-0001411,O-000564,P-110,7,1282.50,0.10
OL-0001412,O-000564,P-200,8,5130.00,0.05
OL-0001413,O-000564,P-310,7,185.00,0.00
OL-0001414,O-000565,P-210,8,912.00,0.05
OL-0001415,O-000565,P-110,6,1425.00,0.00
OL-0001416,O-000565,P-210,1,931.20,0.03
OL-0001417,O-000566,P-200,8,4860.00,0.10
OL-0001418,O-000566,P-110,5,1282.50,0.10
OL-0001419,O-000567,P-300,4,2880.00,0.10
OL-0001420,O-000568,P-300,4,3104.00,0.03
OL-0001421,O-000568,P-100,5,783.75,0.05
OL-0001422,O-000569,P-100,5,825.00,0.00
OL-0001423,O-000569,P-210,8,931.20,0.03
OL-0001424,O-000569,P-310,1,185.00,0.00
OL-0001425,O-000570,P-200,4,4860.00,0.10
OL-0001426,O-000571,P-110,7,1282.50,0.10
OL-0001427,O-000571,P-100,2,783.75,0.05
OL-0001428,O-000572,P-200,1,5238.00,0.03
OL-0001429,O-000572,P-110,1,1282.50,0.10
OL-0001430,O-000572,P-100,7,825.00,0.00
OL-0001431,O-000572,P-310,7,175.75,0.05
OL-0001432,O-000573,P-310,8,166.50,0.10
OL-0001433,O-000573,P-300,5,3200.00,0.00
OL-0001434,O-000573,P-210,3,912.00,0.05
OL-0001435,O-000574,P-200,1,5400.00,0.00
OL-0001436,O-000575,P-300,5,3040.00,0.05
OL-0001437,O-000576,P-110,7,1353.75,0.05
OL-0001438,O-000576,P-210,5,931.20,0.03
OL-0001439,O-000576,P-310,4,166.50,0.10
OL-0001440,O-000577,P-200,5,5400.00,0.00
OL-0001441,O-000578,P-310,8,185.00,0.00
OL-0001442,O-000578,P-100,3,825.00,0.00
OL-0001443,O-000578,P-310,5,166.50,0.10
OL-0001444,O-000579,P-300,8,3104.00,0.03
OL-0001445,O-000579,P-200,7,5238.00,0.03
OL-0001446,O-000579,P-310,3,166.50,0.10
OL-0001447,O-000579,P-300,7,2880.00,0.10
OL-0001448,O-000580,P-200,4,5238.00,0.03
OL-0001449,O-000581,P-100,7,825.00,0.00
OL-0001450,O-000581,P-110,2,1353.75,0.05
OL-0001451,O-000582,P-110,1,1425.00,0.00
OL-0001452,O-000582,P-210,1,912.00,0.05
OL-0001453,O-000583,P-110,3,1282.50,0.10
OL-0001454,O-000583,P-110,6,1353.75,0.05
OL-0001455,O-000583,P-100,3,825.00,0.00
OL-0001456,O-000583,P-210,6,931.20,0.03
OL-0001457,O-000584,P-210,2,912.00,0.05
OL-0001458,O-000584,P-110,4,1282.50,0.10
OL-0001459,O-000585,P-210,3,931.20,0.03
OL-0001460,O-000585,P-100,1,742.50,0.10
OL-0001461,O-000585,P-110,3,1282.50,0.10
OL-0001462,O-000586,P-310,1,175.75,0.05
OL-0001463,O-000587,P-300,7,3200.00,0.00
OL-0001464,O-000588,P-210,1,864.00,0.10
OL-0001465,O-000588,P-200,3,5400.00,0.00
OL-0001466,O-000588,P-200,7,5130.00,0.05
OL-0001467,O-000589,P-310,7,185.00,0.00
OL-0001468,O-000589,P-300,3,3200.00,0.00
OL-0001469,O-000589,P-100,8,825.00,0.00
OL-0001470,O-000590,P-300,4,3200.00,0.00
OL-0001471,O-000590,P-310,8,166.50,0.10
OL-0001472,O-000590,P-100,5,825.00,0.00
OL-0001473,O-000591,P-200,8,5130.00,0.05
OL-0001474,O-000591,P-310,2,175.75,0.05
OL-0001475,O-000591,P-200,3,5130.00,0.05
OL-0001476,O-000591,P-200,7,4860.00,0.10
OL-0001477,O-000592,P-200,1,5238.00,0.03
OL-0001478,O-000593,P-110,2,1353.75,0.05
OL-0001479,O-000594,P-310,6,179.45,0.03
OL-0001480,O-000595,P-300,4,2880.00,0.10
OL-0001481,O-000595,P-110,8,1382.25,0.03
OL-0001482,O-000595,P-110,7,1382.25,0.03
OL-0001483,O-000595,P-110,2,1282.50,0.10
OL-0001484,O-000596,P-200,2,5400.00,0.00
OL-0001485,O-000596,P-300,7,3200.00,0.00
OL-0001486,O-000596,P-300,2,3040.00,0.05
OL-0001487,O-000597,P-300,7,2880.00,0.10
OL-0001488,O-000597,P-200,6,5238.00,0.03
OL-0001489,O-000597,P-310,7,185.00,0.00
OL-0001490,O-000597,P-200,2,5400.00,0.00
OL-0001491,O-000598,P-210,6,931.20,0.03
OL-0001492,O-000598,P-310,8,175.75,0.05
OL-0001493,O-000598,P-100,2,800.25,0.03
OL-0001494,O-000599,P-200,1,5238.00,0.03
OL-0001495,O-000600,P-110,7,1425.00,0.00
OL-0001496,O-000601,P-110,8,1382.25,0.03
OL-0001497,O-000601,P-310,3,166.50,0.10
OL-0001498,O-000601,P-110,7,1425.00,0.00
OL-0001499,O-000602,P-200,1,5400.00,0.00
OL-0001500,O-000602,P-210,6,912.00,0.05
OL-0001501,O-000602,P-300,6,3104.00,0.03
OL-0001502,O-000602,P-200,5,5238.00,0.03
OL-0001503,O-000603,P-110,1,1382.25,0.03
OL-0001504,O-000603,P-210,7,912.00,0.05
OL-0001505,O-000603,P-200,4,5400.00,0.00
OL-0001506,O-000604,P-210,6,864.00,0.10
OL-0001507,O-000604,P-210,5,864.00,0.10
OL-0001508,O-000604,P-100,2,783.75,0.05
OL-0001509,O-000605,P-100,1,783.75,0.05
OL-0001510,O-000605,P-300,6,3104.00,0.03
OL-0001511,O-000605,P-300,3,3200.00,0.00
OL-0001512,O-000606,P-210,3,912.00,0.05
OL-0001513,O-000606,P-100,4,783.75,0.05
OL-0001514,O-000606,P-210,4,931.20,0.03
OL-0001515,O-000606,P-100,5,825.00,0.00
OL-0001516,O-000607,P-200,8,5238.00,0.03
OL-0001517,O-000608,P-200,1,4860.00,0.10
OL-0001518,O-000608,P-200,8,5238.00,0.03
OL-0001519,O-000608,P-310,3,179.45,0.03
OL-0001520,O-000609,P-300,7,2880.00,0.10
OL-0001521,O-000610,P-310,2,179.45,0.03
OL-0001522,O-000610,P-310,6,185.00,0.00
OL-0001523,O-000611,P-200,3,5130.00,0.05
OL-0001524,O-000611,P-200,4,5130.00,0.05
OL-0001525,O-000612,P-210,3,931.20,0.03
OL-0001526,O-000612,P-200,4,5130.00,0.05
OL-0001527,O-000612,P-310,1,185.00,0.00
OL-0001528,O-000612,P-200,3,5130.00,0.05
OL-0001529,O-000613,P-210,7,931.20,0.03
OL-0001530,O-000613,P-310,2,175.75,0.05
OL-0001531,O-000614,P-210,4,912.00,0.05
OL-0001532,O-000614,P-210,2,864.00,0.10
OL-0001533,O-000614,P-110,8,1282.50,0.10
OL-0001534,O-000615,P-210,8,960.00,0.00
OL-0001535,O-000615,P-300,5,3040.00,0.05
OL-0001536,O-000615,P-310,5,185.00,0.00
OL-0001537,O-000616,P-200,8,5400.00,0.00
OL-0001538,O-000617,P-300,5,3104.00,0.03
OL-0001539,O-000617,P-110,1,1382.25,0.03
OL-0001540,O-000618,P-300,5,3200.00,0.00
OL-0001541,O-000618,P-100,2,825.00,0.00
OL-0001542,O-000618,P-200,4,4860.00,0.10
OL-0001543,O-000619,P-100,6,800.25,0.03
OL-0001544,O-000619,P-110,8,1425.00,0.00
OL-0001545,O-000619,P-210,4,960.00,0.00
OL-0001546,O-000620,P-100,3,783.75,0.05
OL-0001547,O-000620,P-210,5,864.00,0.10
OL-0001548,O-000620,P-100,3,742.50,0.10
OL-0001549,O-000620,P-210,1,864.00,0.10
OL-0001550,O-000621,P-310,2,185.00,0.00
OL-0001551,O-000621,P-200,6,5130.00,0.05
OL-0001552,O-000622,P-110,8,1382.25,0.03
OL-0001553,O-000622,P-200,5,5130.00,0.05
OL-0001554,O-000622,P-210,8,931.20,0.03
OL-0001555,O-000622,P-100,5,783.75,0.05
OL-0001556,O-000623,P-110,3,1425.00,0.00
OL-0001557,O-000623,P-300,6,3040.00,0.05
OL-0001558,O-000624,P-310,1,175.75,0.05
OL-0001559,O-000624,P-210,6,931.20,0.03
OL-0001560,O-000624,P-200,2,5130.00,0.05
OL-0001561,O-000624,P-110,6,1425.00,0.00
OL-0001562,O-000625,P-210,8,960.00,0.00
OL-0001563,O-000626,P-100,8,800.25,0.03
OL-0001564,O-000626,P-310,7,179.45,0.03
OL-0001565,O-000626,P-210,1,864.00,0.10
OL-0001566,O-000627,P-300,3,3200.00,0.00
OL-0001567,O-000627,P-110,8,1425.00,0.00
OL-0001568,O-000627,P-100,8,800.25,0.03
OL-0001569,O-000627,P-210,8,912.00,0.05
OL-0001570,O-000628,P-210,5,931.20,0.03
OL-0001571,O-000628,P-300,7,3040.00,0.05
OL-0001572,O-000629,P-210,6,864.00,0.10
OL-0001573,O-000629,P-310,7,179.45,0.03
OL-0001574,O-000630,P-310,4,179.45,0.03
OL-0001575,O-000631,P-110,1,1382.25,0.03
OL-0001576,O-000632,P-300,7,2880.00,0.10
OL-0001577,O-000632,P-110,4,1382.25,0.03
OL-0001578,O-000633,P-200,1,5130.00,0.05
OL-0001579,O-000633,P-210,4,912.00,0.05
OL-0001580,O-000634,P-110,4,1382.25,0.03
OL-0001581,O-000634,P-210,7,960.00,0.00
OL-0001582,O-000634,P-210,5,864.00,0.10
OL-0001583,O-000635,P-200,1,5400.00,0.00
OL-0001584,O-000635,P-310,3,185.00,0.00
OL-0001585,O-000635,P-110,5,1382.25,0.03
OL-0001586,O-000636,P-100,7,742.50,0.10
OL-0001587,O-000636,P-110,5,1282.50,0.10
OL-0001588,O-000637,P-110,1,1382.25,0.03
OL-0001589,O-000638,P-200,7,5130.00,0.05
OL-0001590,O-000639,P-200,8,5130.00,0.05
OL-0001591,O-000639,P-300,2,2880.00,0.10
OL-0001592,O-000639,P-200,2,5400.00,0.00
OL-0001593,O-000639,P-300,3,3104.00,0.03
OL-0001594,O-000640,P-110,2,1353.75,0.05
OL-0001595,O-000640,P-300,7,3104.00,0.03
OL-0001596,O-000640,P-100,4,783.75,0.05
OL-0001597,O-000640,P-210,8,864.00,0.10
OL-0001598,O-000641,P-110,4,1282.50,0.10
OL-0001599,O-000641,P-210,4,960.00,0.00
OL-0001600,O-000641,P-210,7,931.20,0.03
OL-0001601,O-000642,P-100,8,783.75,0.05
OL-0001602,O-000642,P-210,4,864.00,0.10
OL-0001603,O-000643,P-200,8,5130.00,0.05
OL-0001604,O-000643,P-200,6,4860.00,0.10
OL-0001605,O-000644,P-300,6,2880.00,0.10
OL-0001606,O-000645,P-300,2,3040.00,0.05
OL-0001607,O-000645,P-310,6,179.45,0.03
OL-0001608,O-000645,P-200,5,4860.00,0.10
OL-0001609,O-000645,P-300,2,3104.00,0.03
OL-0001610,O-000646,P-310,4,185.00,0.00
OL-0001611,O-000646,P-100,8,800.25,0.03
OL-0001612,O-000647,P-210,2,960.00,0.00
OL-0001613,O-000647,P-200,1,5400.00,0.00
OL-0001614,O-000647,P-300,5,3200.00,0.00
OL-0001615,O-000648,P-300,7,3104.00,0.03
OL-0001616,O-000649,P-200,5,5130.00,0.05
OL-0001617,O-000649,P-200,4,5130.00,0.05
OL-0001618,O-000649,P-210,1,960.00,0.00
OL-0001619,O-000650,P-300,2,3040.00,0.05
OL-0001620,O-000650,P-210,5,960.00,0.00
OL-0001621,O-000650,P-100,5,742.50,0.10
OL-0001622,O-000651,P-110,5,1282.50,0.10
OL-0001623,O-000651,P-300,3,2880.00,0.10
OL-0001624,O-000652,P-110,3,1382.25,0.03
OL-0001625,O-000652,P-210,8,912.00,0.05
OL-0001626,O-000653,P-210,6,960.00,0.00
OL-0001627,O-000654,P-100,8,783.75,0.05
OL-0001628,O-000654,P-200,5,5400.00,0.00
OL-0001629,O-000654,P-100,2,825.00,0.00
OL-0001630,O-000654,P-310,4,179.45,0.03
OL-0001631,O-000655,P-110,1,1353.75,0.05
OL-0001632,O-000655,P-300,4,3104.00,0.03
OL-0001633,O-000655,P-100,5,825.00,0.00
OL-0001634,O-000656,P-300,1,3040.00,0.05
OL-0001635,O-000657,P-200,6,5238.00,0.03
OL-0001636,O-000657,P-310,3,179.45,0.03
OL-0001637,O-000657,P-100,7,800.25,0.03
OL-0001638,O-000657,P-210,3,912.00,0.05
OL-0001639,O-000658,P-310,5,175.75,0.05
OL-0001640,O-000658,P-300,4,3104.00,0.03
OL-0001641,O-000658,P-200,7,4860.00,0.10
OL-0001642,O-000658,P-310,7,166.50,0.10
OL-0001643,O-000659,P-210,6,864.00,0.10
OL-0001644,O-000659,P-200,5,4860.00,0.10
OL-0001645,O-000660,P-110,6,1282.50,0.10
OL-0001646,O-000660,P-300,3,3200.00,0.00
OL-0001647,O-000660,P-100,3,825.00,0.00
OL-0001648,O-000660,P-300,5,3200.00,0.00
OL-0001649,O-000661,P-110,6,1353.75,0.05
OL-0001650,O-000661,P-300,5,3200.00,0.00
OL-0001651,O-000661,P-310,8,185.00,0.00
OL-0001652,O-000662,P-310,4,166.50,0.10
OL-0001653,O-000662,P-300,6,3104.00,0.03
OL-0001654,O-000663,P-300,6,3104.00,0.03
OL-0001655,O-000663,P-210,1,912.00,0.05
OL-0001656,O-000664,P-300,4,3040.00,0.05
OL-0001657,O-000664,P-210,5,864.00,0.10
OL-0001658,O-000664,P-100,7,742.50,0.10
OL-0001659,O-000665,P-100,5,800.25,0.03
OL-0001660,O-000665,P-110,3,1382.25,0.03
OL-0001661,O-000665,P-110,3,1282.50,0.10
OL-0001662,O-000666,P-100,2,825.00,0.00
OL-0001663,O-000666,P-300,1,2880.00,0.10
OL-0001664,O-000666,P-200,5,4860.00,0.10
OL-0001665,O-000667,P-210,5,931.20,0.03
OL-0001666,O-000667,P-300,1,3104.00,0.03
OL-0001667,O-000667,P-200,3,5130.00,0.05
OL-0001668,O-000668,P-200,6,5130.00,0.05
OL-0001669,O-000668,P-110,1,1353.75,0.05
OL-0001670,O-000668,P-200,2,5400.00,0.00
OL-0001671,O-000669,P-210,7,960.00,0.00
OL-0001672,O-000670,P-210,7,960.00,0.00
OL-0001673,O-000670,P-310,6,166.50,0.10
OL-0001674,O-000670,P-300,3,2880.00,0.10
OL-0001675,O-000670,P-100,6,825.00,0.00
OL-0001676,O-000671,P-200,1,5400.00,0.00
OL-0001677,O-000671,P-110,2,1382.25,0.03
OL-0001678,O-000671,P-300,1,3104.00,0.03
OL-0001679,O-000672,P-310,1,166.50,0.10
OL-0001680,O-000672,P-300,3,2880.00,0.10
OL-0001681,O-000673,P-300,8,3104.00,0.03
OL-0001682,O-000673,P-210,3,864.00,0.10
OL-0001683,O-000674,P-210,5,864.00,0.10
OL-0001684,O-000674,P-100,6,800.25,0.03
OL-0001685,O-000674,P-100,3,742.50,0.10
OL-0001686,O-000675,P-300,4,3104.00,0.03
OL-0001687,O-000675,P-210,8,864.00,0.10
OL-0001688,O-000675,P-200,6,4860.00,0.10
OL-0001689,O-000675,P-110,2,1353.75,0.05
OL-0001690,O-000676,P-200,5,5238.00,0.03
OL-0001691,O-000676,P-300,1,3040.00,0.05
OL-0001692,O-000677,P-200,3,5238.00,0.03
OL-0001693,O-000677,P-210,4,960.00,0.00
OL-0001694,O-000677,P-300,2,3200.00,0.00
OL-0001695,O-000677,P-110,5,1353.75,0.05
OL-0001696,O-000678,P-200,3,4860.00,0.10
OL-0001697,O-000678,P-210,1,960.00,0.00
OL-0001698,O-000678,P-210,6,864.00,0.10
OL-0001699,O-000679,P-200,5,5238.00,0.03
OL-0001700,O-000679,P-310,4,166.50,0.10
OL-0001701,O-000679,P-310,6,175.75,0.05
OL-0001702,O-000680,P-300,3,3200.00,0.00
OL-0001703,O-000680,P-100,5,783.75,0.05
OL-0001704,O-000681,P-310,5,185.00,0.00
OL-0001705,O-000681,P-210,3,931.20,0.03
OL-0001706,O-000682,P-100,6,742.50,0.10
OL-0001707,O-000682,P-100,2,783.75,0.05
OL-0001708,O-000683,P-200,1,5400.00,0.00
OL-0001709,O-000683,P-300,6,3200.00,0.00
OL-0001710,O-000683,P-300,3,3040.00,0.05
OL-0001711,O-000683,P-310,8,166.50,0.10
OL-0001712,O-000684,P-300,2,3104.00,0.03
OL-0001713,O-000684,P-310,2,175.75,0.05
OL-0001714,O-000685,P-200,1,5238.00,0.03
OL-0001715,O-000685,P-310,6,185.00,0.00
OL-0001716,O-000686,P-200,7,4860.00,0.10
OL-0001717,O-000687,P-310,1,185.00,0.00
OL-0001718,O-000687,P-100,3,742.50,0.10
OL-0001719,O-000687,P-310,7,179.45,0.03
OL-0001720,O-000688,P-110,7,1353.75,0.05
OL-0001721,O-000688,P-310,1,185.00,0.00
OL-0001722,O-000688,P-300,6,3200.00,0.00
OL-0001723,O-000689,P-210,2,960.00,0.00
OL-0001724,O-000689,P-100,3,783.75,0.05
OL-0001725,O-000690,P-110,1,1425.00,0.00
OL-0001726,O-000690,P-310,4,185.00,0.00
OL-0001727,O-000690,P-300,1,3200.00,0.00
OL-0001728,O-000691,P-300,7,3104.00,0.03
OL-0001729,O-000691,P-210,5,864.00,0.10
OL-0001730,O-000691,P-210,8,912.00,0.05
OL-0001731,O-000691,P-310,8,179.45,0.03
OL-0001732,O-000692,P-300,5,2880.00,0.10
OL-0001733,O-000692,P-310,2,175.75,0.05
OL-0001734,O-000692,P-310,4,166.50,0.10
OL-0001735,O-000692,P-200,1,5400.00,0.00
OL-0001736,O-000693,P-110,4,1425.00,0.00
OL-0001737,O-000693,P-100,7,742.50,0.10
OL-0001738,O-000693,P-310,8,185.00,0.00
OL-0001739,O-000693,P-110,3,1382.25,0.03
OL-0001740,O-000694,P-210,4,931.20,0.03
OL-0001741,O-000694,P-300,4,2880.00,0.10
OL-0001742,O-000695,P-200,6,5400.00,0.00
OL-0001743,O-000695,P-200,3,5400.00,0.00
OL-0001744,O-000695,P-100,6,783.75,0.05
OL-0001745,O-000695,P-300,7,3104.00,0.03
OL-0001746,O-000696,P-200,4,4860.00,0.10
OL-0001747,O-000696,P-100,4,783.75,0.05
OL-0001748,O-000697,P-310,4,185.00,0.00
OL-0001749,O-000698,P-200,4,4860.00,0.10
OL-0001750,O-000699,P-210,5,931.20,0.03
OL-0001751,O-000700,P-300,4,2880.00,0.10
OL-0001752,O-000700,P-100,1,825.00,0.00
OL-0001753,O-000700,P-200,5,5400.00,0.00
OL-0001754,O-000701,P-300,5,2880.00,0.10
OL-0001755,O-000701,P-300,3,3104.00,0.03
OL-0001756,O-000702,P-310,4,185.00,0.00
OL-0001757,O-000702,P-100,8,783.75,0.05
OL-0001758,O-000702,P-310,2,166.50,0.10
OL-0001759,O-000702,P-210,8,960.00,0.00
OL-0001760,O-000703,P-110,4,1425.00,0.00
OL-0001761,O-000703,P-100,7,825.00,0.00
OL-0001762,O-000703,P-300,6,3040.00,0.05
OL-0001763,O-000703,P-110,8,1282.50,0.10
OL-0001764,O-000704,P-200,6,4860.00,0.10
OL-0001765,O-000705,P-310,8,179.45,0.03
OL-0001766,O-000705,P-100,7,800.25,0.03
OL-0001767,O-000705,P-110,5,1282.50,0.10
OL-0001768,O-000705,P-300,5,3104.00,0.03
OL-0001769,O-000706,P-200,7,4860.00,0.10
OL-0001770,O-000706,P-100,1,742.50,0.10
OL-0001771,O-000707,P-110,8,1425.00,0.00
OL-0001772,O-000707,P-110,3,1382.25,0.03
OL-0001773,O-000707,P-100,1,783.75,0.05
OL-0001774,O-000707,P-310,4,166.50,0.10
OL-0001775,O-000708,P-100,6,742.50,0.10
OL-0001776,O-000708,P-100,1,783.75,0.05
OL-0001777,O-000708,P-100,1,742.50,0.10
OL-0001778,O-000709,P-100,5,783.75,0.05
OL-0001779,O-000709,P-100,3,783.75,0.05
OL-0001780,O-000709,P-110,7,1282.50,0.10
OL-0001781,O-000710,P-310,4,179.45,0.03
OL-0001782,O-000711,P-210,4,960.00,0.00
OL-0001783,O-000712,P-300,7,3200.00,0.00
OL-0001784,O-000712,P-200,7,5400.00,0.00
OL-0001785,O-000713,P-300,5,2880.00,0.10
OL-0001786,O-000714,P-310,3,185.00,0.00
OL-0001787,O-000714,P-310,2,166.50,0.10
OL-0001788,O-000715,P-100,6,800.25,0.03
OL-0001789,O-000715,P-210,4,912.00,0.05
OL-0001790,O-000715,P-110,8,1282.50,0.10
OL-0001791,O-000716,P-310,5,175.75,0.05
OL-0001792,O-000717,P-210,4,864.00,0.10
OL-0001793,O-000717,P-300,1,3200.00,0.00
OL-0001794,O-000717,P-110,7,1382.25,0.03
OL-0001795,O-000717,P-210,1,960.00,0.00
OL-0001796,O-000718,P-300,7,3104.00,0.03
OL-0001797,O-000718,P-100,3,783.75,0.05
OL-0001798,O-000719,P-110,7,1425.00,0.00
OL-0001799,O-000720,P-100,5,742.50,0.10
OL-0001800,O-000720,P-110,6,1282.50,0.10
OL-0001801,O-000720,P-200,6,5400.00,0.00
OL-0001802,O-000721,P-200,7,5400.00,0.00
OL-0001803,O-000721,P-210,3,931.20,0.03
OL-0001804,O-000721,P-300,1,3200.00,0.00
OL-0001805,O-000721,P-210,5,912.00,0.05
OL-0001806,O-000722,P-210,5,912.00,0.05
OL-0001807,O-000722,P-110,5,1425.00,0.00
OL-0001808,O-000722,P-210,7,912.00,0.05
OL-0001809,O-000722,P-310,8,179.45,0.03
OL-0001810,O-000723,P-100,4,783.75,0.05
OL-0001811,O-000723,P-210,8,912.00,0.05
OL-0001812,O-000723,P-310,3,175.75,0.05
OL-0001813,O-000724,P-200,1,5238.00,0.03
OL-0001814,O-000724,P-110,2,1425.00,0.00
OL-0001815,O-000724,P-110,8,1382.25,0.03
OL-0001816,O-000725,P-100,4,825.00,0.00
OL-0001817,O-000726,P-100,7,742.50,0.10
OL-0001818,O-000726,P-300,8,3200.00,0.00
OL-0001819,O-000727,P-100,1,800.25,0.03
OL-0001820,O-000727,P-200,4,5400.00,0.00
OL-0001821,O-000727,P-210,1,864.00,0.10
OL-0001822,O-000728,P-100,3,825.00,0.00
OL-0001823,O-000728,P-110,8,1382.25,0.03
OL-0001824,O-000728,P-110,1,1282.50,0.10
OL-0001825,O-000728,P-100,1,783.75,0.05
OL-0001826,O-000729,P-110,5,1282.50,0.10
OL-0001827,O-000730,P-310,6,179.45,0.03
OL-0001828,O-000730,P-110,1,1425.00,0.00
OL-0001829,O-000730,P-210,5,931.20,0.03
OL-0001830,O-000731,P-310,2,185.00,0.00
OL-0001831,O-000731,P-210,4,931.20,0.03
OL-0001832,O-000732,P-310,3,185.00,0.00
OL-0001833,O-000732,P-110,8,1382.25,0.03
OL-0001834,O-000732,P-300,7,3104.00,0.03
OL-0001835,O-000732,P-210,2,960.00,0.00
OL-0001836,O-000733,P-100,3,825.00,0.00
OL-0001837,O-000733,P-100,7,783.75,0.05
OL-0001838,O-000733,P-100,6,825.00,0.00
OL-0001839,O-000733,P-200,7,5400.00,0.00
OL-0001840,O-000734,P-110,4,1353.75,0.05
OL-0001841,O-000734,P-300,8,2880.00,0.10
OL-0001842,O-000735,P-300,6,3104.00,0.03
OL-0001843,O-000735,P-310,1,185.00,0.00
OL-0001844,O-000736,P-300,2,3104.00,0.03
OL-0001845,O-000736,P-110,1,1425.00,0.00
OL-0001846,O-000737,P-300,5,3200.00,0.00
OL-0001847,O-000737,P-310,3,166.50,0.10
OL-0001848,O-000738,P-310,2,179.45,0.03
OL-0001849,O-000738,P-310,3,185.00,0.00
OL-0001850,O-000738,P-100,2,800.25,0.03
OL-0001851,O-000739,P-100,1,742.50,0.10
OL-0001852,O-000739,P-310,5,175.75,0.05
OL-0001853,O-000739,P-200,4,5238.00,0.03
OL-0001854,O-000740,P-310,5,179.45,0.03
OL-0001855,O-000740,P-300,6,3104.00,0.03
OL-0001856,O-000741,P-210,1,931.20,0.03
OL-0001857,O-000742,P-210,5,864.00,0.10
OL-0001858,O-000742,P-100,7,742.50,0.10
OL-0001859,O-000742,P-200,2,5130.00,0.05
OL-0001860,O-000743,P-200,4,5400.00,0.00
OL-0001861,O-000744,P-200,4,5130.00,0.05
OL-0001862,O-000744,P-200,1,5238.00,0.03
OL-0001863,O-000745,P-110,8,1382.25,0.03
OL-0001864,O-000745,P-300,8,3104.00,0.03
OL-0001865,O-000746,P-100,3,800.25,0.03
OL-0001866,O-000746,P-100,5,800.25,0.03
OL-0001867,O-000746,P-310,1,175.75,0.05
OL-0001868,O-000746,P-300,8,3040.00,0.05
OL-0001869,O-000747,P-200,4,5130.00,0.05
OL-0001870,O-000747,P-300,7,3200.00,0.00
OL-0001871,O-000748,P-100,7,800.25,0.03
OL-0001872,O-000748,P-200,3,4860.00,0.10
OL-0001873,O-000748,P-210,6,912.00,0.05
OL-0001874,O-000748,P-100,7,742.50,0.10
OL-0001875,O-000749,P-200,6,5130.00,0.05
OL-0001876,O-000749,P-100,6,742.50,0.10
OL-0001877,O-000749,P-210,7,960.00,0.00
OL-0001878,O-000750,P-100,6,800.25,0.03
OL-0001879,O-000751,P-310,7,175.75,0.05
OL-0001880,O-000751,P-110,7,1425.00,0.00
OL-0001881,O-000752,P-210,8,931.20,0.03
OL-0001882,O-000752,P-200,7,5400.00,0.00
OL-0001883,O-000752,P-110,7,1382.25,0.03
OL-0001884,O-000752,P-210,8,864.00,0.10
OL-0001885,O-000753,P-100,5,825.00,0.00
OL-0001886,O-000753,P-200,7,5130.00,0.05
OL-0001887,O-000754,P-100,4,825.00,0.00
OL-0001888,O-000754,P-110,8,1353.75,0.05
OL-0001889,O-000754,P-310,8,175.75,0.05
OL-0001890,O-000754,P-210,4,960.00,0.00
OL-0001891,O-000755,P-100,5,825.00,0.00
OL-0001892,O-000756,P-110,2,1282.50,0.10
OL-0001893,O-000756,P-110,7,1353.75,0.05
OL-0001894,O-000756,P-300,2,3200.00,0.00
OL-0001895,O-000756,P-110,8,1382.25,0.03
OL-0001896,O-000757,P-210,8,931.20,0.03
OL-0001897,O-000757,P-310,1,175.75,0.05
OL-0001898,O-000757,P-300,1,3200.00,0.00
OL-0001899,O-000757,P-110,6,1382.25,0.03
OL-0001900,O-000758,P-200,8,5238.00,0.03
OL-0001901,O-000758,P-200,5,5130.00,0.05
OL-0001902,O-000758,P-100,6,783.75,0.05
OL-0001903,O-000758,P-210,6,931.20,0.03
OL-0001904,O-000759,P-200,8,5400.00,0.00
OL-0001905,O-000760,P-110,1,1425.00,0.00
OL-0001906,O-000760,P-300,5,3200.00,0.00
OL-0001907,O-000760,P-310,8,166.50,0.10
OL-0001908,O-000761,P-300,4,2880.00,0.10
OL-0001909,O-000762,P-300,7,3104.00,0.03
OL-0001910,O-000763,P-110,1,1425.00,0.00
OL-0001911,O-000764,P-210,5,931.20,0.03
OL-0001912,O-000764,P-210,4,864.00,0.10
OL-0001913,O-000764,P-300,5,3104.00,0.03
OL-0001914,O-000764,P-100,5,783.75,0.05
OL-0001915,O-000765,P-200,6,5130.00,0.05
OL-0001916,O-000765,P-300,5,3200.00,0.00
OL-0001917,O-000765,P-110,2,1353.75,0.05
OL-0001918,O-000766,P-210,6,960.00,0.00
OL-0001919,O-000766,P-210,7,864.00,0.10
OL-0001920,O-000767,P-300,7,3040.00,0.05
OL-0001921,O-000767,P-110,7,1425.00,0.00
OL-0001922,O-000767,P-100,8,800.25,0.03
OL-0001923,O-000767,P-110,5,1353.75,0.05
OL-0001924,O-000768,P-100,1,783.75,0.05
OL-0001925,O-000769,P-200,3,5238.00,0.03
OL-0001926,O-000769,P-210,1,864.00,0.10
OL-0001927,O-000769,P-110,4,1425.00,0.00
OL-0001928,O-000770,P-200,2,4860.00,0.10
OL-0001929,O-000770,P-310,7,175.75,0.05
OL-0001930,O-000770,P-100,8,825.00,0.00
OL-0001931,O-000770,P-210,5,960.00,0.00
OL-0001932,O-000771,P-310,7,185.00,0.00
OL-0001933,O-000771,P-310,4,175.75,0.05
OL-0001934,O-000771,P-200,1,4860.00,0.10
OL-0001935,O-000771,P-210,6,912.00,0.05
OL-0001936,O-000772,P-110,4,1382.25,0.03
OL-0001937,O-000773,P-210,1,931.20,0.03
OL-0001938,O-000774,P-110,1,1382.25,0.03
OL-0001939,O-000774,P-110,1,1282.50,0.10
OL-0001940,O-000775,P-200,3,5130.00,0.05
OL-0001941,O-000775,P-110,8,1353.75,0.05
OL-0001942,O-000775,P-110,8,1425.00,0.00
OL-0001943,O-000776,P-200,5,5238.00,0.03
OL-0001944,O-000776,P-300,8,3104.00,0.03
OL-0001945,O-000776,P-100,1,825.00,0.00
OL-0001946,O-000777,P-310,2,185.00,0.00
OL-0001947,O-000777,P-100,3,800.25,0.03
OL-0001948,O-000777,P-200,2,4860.00,0.10
OL-0001949,O-000778,P-310,5,175.75,0.05
OL-0001950,O-000779,P-100,5,783.75,0.05
OL-0001951,O-000779,P-100,6,783.75,0.05
OL-0001952,O-000780,P-110,7,1282.50,0.10
OL-0001953,O-000781,P-310,6,185.00,0.00
OL-0001954,O-000781,P-310,7,166.50,0.10
OL-0001955,O-000782,P-110,1,1282.50,0.10
OL-0001956,O-000782,P-310,7,179.45,0.03
OL-0001957,O-000782,P-200,4,5238.00,0.03
OL-0001958,O-000783,P-100,5,783.75,0.05
OL-0001959,O-000783,P-210,1,864.00,0.10
OL-0001960,O-000783,P-110,5,1282.50,0.10
OL-0001961,O-000784,P-300,1,3104.00,0.03
OL-0001962,O-000784,P-100,1,825.00,0.00
OL-0001963,O-000784,P-310,8,179.45,0.03
OL-0001964,O-000785,P-200,3,5130.00,0.05
OL-0001965,O-000786,P-310,1,175.75,0.05
OL-0001966,O-000786,P-300,3,3200.00,0.00
OL-0001967,O-000786,P-200,7,5400.00,0.00
OL-0001968,O-000786,P-200,5,5400.00,0.00
OL-0001969,O-000787,P-100,6,742.50,0.10
OL-0001970,O-000787,P-200,7,4860.00,0.10
OL-0001971,O-000788,P-100,7,825.00,0.00
OL-0001972,O-000789,P-300,4,3200.00,0.00
OL-0001973,O-000790,P-310,6,175.75,0.05
OL-0001974,O-000790,P-310,7,179.45,0.03
OL-0001975,O-000791,P-210,5,912.00,0.05
OL-0001976,O-000791,P-100,4,825.00,0.00
OL-0001977,O-000791,P-310,2,185.00,0.00
OL-0001978,O-000792,P-110,3,1425.00,0.00
OL-0001979,O-000792,P-100,3,800.25,0.03
OL-0001980,O-000792,P-310,7,166.50,0.10
OL-0001981,O-000793,P-210,7,912.00,0.05
OL-0001982,O-000794,P-200,4,5400.00,0.00
OL-0001983,O-000794,P-300,2,3200.00,0.00
OL-0001984,O-000795,P-310,8,185.00,0.00
OL-0001985,O-000795,P-200,6,4860.00,0.10
OL-0001986,O-000796,P-110,2,1425.00,0.00
OL-0001987,O-000796,P-110,4,1382.25,0.03
OL-0001988,O-000796,P-310,7,185.00,0.00
OL-0001989,O-000796,P-300,3,3200.00,0.00
OL-0001990,O-000797,P-310,1,185.00,0.00
OL-0001991,O-000797,P-110,7,1353.75,0.05
OL-0001992,O-000798,P-110,4,1382.25,0.03
OL-0001993,O-000798,P-310,5,185.00,0.00
OL-0001994,O-000798,P-200,6,5130.00,0.05
OL-0001995,O-000799,P-310,2,179.45,0.03
OL-0001996,O-000799,P-300,6,3200.00,0.00
OL-0001997,O-000800,P-300,8,3040.00,0.05
OL-0001998,O-000800,P-100,1,825.00,0.00
OL-0001999,O-000801,P-110,2,1353.75,0.05
OL-0002000,O-000801,P-210,2,960.00,0.00
OL-0002001,O-000801,P-300,4,3104.00,0.03
OL-0002002,O-000801,P-110,3,1382.25,0.03
OL-0002003,O-000802,P-200,1,5238.00,0.03
OL-0002004,O-000802,P-300,5,2880.00,0.10
OL-0002005,O-000802,P-310,6,166.50,0.10
OL-0002006,O-000803,P-100,8,825.00,0.00
OL-0002007,O-000803,P-310,4,175.75,0.05
OL-0002008,O-000803,P-210,4,931.20,0.03
OL-0002009,O-000803,P-100,3,825.00,0.00
OL-0002010,O-000804,P-210,1,864.00,0.10
OL-0002011,O-000804,P-100,5,783.75,0.05
OL-0002012,O-000805,P-200,5,5238.00,0.03
OL-0002013,O-000806,P-210,7,960.00,0.00
OL-0002014,O-000806,P-200,2,4860.00,0.10
OL-0002015,O-000806,P-300,2,3040.00,0.05
OL-0002016,O-000807,P-100,6,800.25,0.03
OL-0002017,O-000807,P-300,7,2880.00,0.10
OL-0002018,O-000808,P-200,8,5238.00,0.03
OL-0002019,O-000808,P-300,7,2880.00,0.10
OL-0002020,O-000808,P-100,1,825.00,0.00
OL-0002021,O-000809,P-300,7,3040.00,0.05
OL-0002022,O-000810,P-200,6,5238.00,0.03
OL-0002023,O-000810,P-210,3,864.00,0.10
OL-0002024,O-000810,P-210,2,931.20,0.03
OL-0002025,O-000811,P-100,3,783.75,0.05
OL-0002026,O-000811,P-200,8,5400.00,0.00
OL-0002027,O-000811,P-100,5,800.25,0.03
OL-0002028,O-000812,P-100,5,825.00,0.00
OL-0002029,O-000813,P-200,7,5400.00,0.00
OL-0002030,O-000813,P-300,6,3104.00,0.03
OL-0002031,O-000813,P-100,3,825.00,0.00
OL-0002032,O-000813,P-310,7,185.00,0.00
OL-0002033,O-000814,P-200,5,5130.00,0.05
OL-0002034,O-000814,P-200,1,5400.00,0.00
OL-0002035,O-000814,P-110,4,1353.75,0.05
OL-0002036,O-000814,P-200,6,5400.00,0.00
OL-0002037,O-000815,P-310,1,185.00,0.00
OL-0002038,O-000815,P-310,5,185.00,0.00
OL-0002039,O-000816,P-100,3,783.75,0.05
OL-0002040,O-000816,P-200,5,5238.00,0.03
OL-0002041,O-000816,P-110,8,1282.50,0.10
OL-0002042,O-000816,P-110,2,1353.75,0.05
OL-0002043,O-000817,P-300,3,3104.00,0.03
OL-0002044,O-000818,P-300,8,3104.00,0.03
OL-0002045,O-000818,P-200,8,5130.00,0.05
OL-0002046,O-000819,P-100,6,825.00,0.00
OL-0002047,O-000819,P-100,1,783.75,0.05
OL-0002048,O-000819,P-100,7,742.50,0.10
OL-0002049,O-000819,P-310,4,179.45,0.03
OL-0002050,O-000820,P-200,5,5238.00,0.03
OL-0002051,O-000821,P-100,7,825.00,0.00
OL-0002052,O-000821,P-300,5,2880.00,0.10
OL-0002053,O-000821,P-210,4,931.20,0.03
OL-0002054,O-000822,P-100,6,825.00,0.00
OL-0002055,O-000822,P-210,3,931.20,0.03
OL-0002056,O-000822,P-310,1,179.45,0.03
OL-0002057,O-000822,P-110,7,1382.25,0.03
OL-0002058,O-000823,P-100,4,742.50,0.10
OL-0002059,O-000823,P-300,2,3104.00,0.03
OL-0002060,O-000824,P-200,3,5400.00,0.00
OL-0002061,O-000824,P-310,8,185.00,0.00
OL-0002062,O-000825,P-100,7,800.25,0.03
OL-0002063,O-000825,P-110,8,1282.50,0.10
OL-0002064,O-000825,P-200,3,5130.00,0.05
OL-0002065,O-000825,P-110,7,1425.00,0.00
OL-0002066,O-000826,P-100,2,825.00,0.00
OL-0002067,O-000826,P-200,8,4860.00,0.10
OL-0002068,O-000827,P-110,8,1353.75,0.05
OL-0002069,O-000827,P-210,4,864.00,0.10
OL-0002070,O-000827,P-300,4,3040.00,0.05
OL-0002071,O-000827,P-210,4,912.00,0.05
OL-0002072,O-000828,P-110,5,1382.25,0.03
OL-0002073,O-000828,P-210,7,864.00,0.10
OL-0002074,O-000828,P-100,3,800.25,0.03
OL-0002075,O-000829,P-210,1,864.00,0.10
OL-0002076,O-000829,P-110,7,1425.00,0.00
OL-0002077,O-000829,P-210,4,960.00,0.00
OL-0002078,O-000829,P-300,2,2880.00,0.10
OL-0002079,O-000830,P-200,8,5130.00,0.05
OL-0002080,O-000830,P-100,8,800.25,0.03
OL-0002081,O-000831,P-300,4,2880.00,0.10
OL-0002082,O-000831,P-310,7,185.00,0.00
OL-0002083,O-000832,P-100,7,742.50,0.10
OL-0002084,O-000832,P-300,3,3040.00,0.05
OL-0002085,O-000833,P-110,1,1353.75,0.05
OL-0002086,O-000833,P-310,2,175.75,0.05
OL-0002087,O-000833,P-100,3,783.75,0.05
OL-0002088,O-000834,P-210,2,931.20,0.03
OL-0002089,O-000834,P-110,1,1353.75,0.05
OL-0002090,O-000834,P-110,4,1382.25,0.03
OL-0002091,O-000834,P-210,4,960.00,0.00
OL-0002092,O-000835,P-310,3,175.75,0.05
OL-0002093,O-000835,P-100,8,783.75,0.05
OL-0002094,O-000835,P-310,3,166.50,0.10
OL-0002095,O-000836,P-100,8,783.75,0.05
OL-0002096,O-000836,P-210,8,931.20,0.03
OL-0002097,O-000837,P-300,8,3104.00,0.03
OL-0002098,O-000837,P-210,1,864.00,0.10
OL-0002099,O-000838,P-100,4,825.00,0.00
OL-0002100,O-000839,P-310,3,166.50,0.10
OL-0002101,O-000839,P-100,5,800.25,0.03
OL-0002102,O-000839,P-110,7,1282.50,0.10
OL-0002103,O-000839,P-200,3,5400.00,0.00
OL-0002104,O-000840,P-310,1,185.00,0.00
OL-0002105,O-000840,P-310,4,166.50,0.10
OL-0002106,O-000840,P-300,8,2880.00,0.10
OL-0002107,O-000841,P-300,6,3104.00,0.03
OL-0002108,O-000841,P-210,7,912.00,0.05
OL-0002109,O-000842,P-210,1,960.00,0.00
OL-0002110,O-000842,P-300,2,3104.00,0.03
OL-0002111,O-000842,P-310,5,185.00,0.00
OL-0002112,O-000843,P-300,3,3200.00,0.00
OL-0002113,O-000844,P-210,4,912.00,0.05
OL-0002114,O-000845,P-310,4,175.75,0.05
OL-0002115,O-000845,P-100,7,742.50,0.10
OL-0002116,O-000845,P-310,3,179.45,0.03
OL-0002117,O-000845,P-300,3,3200.00,0.00
OL-0002118,O-000846,P-300,8,2880.00,0.10
OL-0002119,O-000846,P-100,6,742.50,0.10
OL-0002120,O-000847,P-110,3,1382.25,0.03
OL-0002121,O-000847,P-200,8,5130.00,0.05
OL-0002122,O-000847,P-110,5,1425.00,0.00
OL-0002123,O-000848,P-200,3,5238.00,0.03
OL-0002124,O-000849,P-110,8,1425.00,0.00
OL-0002125,O-000849,P-210,3,960.00,0.00
OL-0002126,O-000850,P-100,7,800.25,0.03
OL-0002127,O-000850,P-310,5,185.00,0.00
OL-0002128,O-000850,P-110,4,1282.50,0.10
OL-0002129,O-000850,P-110,1,1353.75,0.05
OL-0002130,O-000851,P-310,7,185.00,0.00
OL-0002131,O-000852,P-110,2,1425.00,0.00
OL-0002132,O-000852,P-310,6,185.00,0.00
OL-0002133,O-000852,P-100,4,783.75,0.05
OL-0002134,O-000852,P-310,8,166.50,0.10
OL-0002135,O-000853,P-200,6,5238.00,0.03
OL-0002136,O-000853,P-210,2,931.20,0.03
OL-0002137,O-000854,P-310,4,175.75,0.05
OL-0002138,O-000854,P-100,8,783.75,0.05
OL-0002139,O-000855,P-210,7,912.00,0.05
OL-0002140,O-000855,P-200,6,4860.00,0.10
OL-0002141,O-000856,P-300,6,2880.00,0.10
OL-0002142,O-000856,P-200,6,4860.00,0.10
OL-0002143,O-000857,P-110,5,1282.50,0.10
OL-0002144,O-000857,P-300,3,3104.00,0.03
OL-0002145,O-000857,P-100,4,742.50,0.10
OL-0002146,O-000858,P-200,1,4860.00,0.10
OL-0002147,O-000858,P-200,8,5238.00,0.03
OL-0002148,O-000858,P-310,7,175.75,0.05
OL-0002149,O-000858,P-100,2,783.75,0.05
OL-0002150,O-000859,P-310,7,179.45,0.03
OL-0002151,O-000859,P-300,2,3104.00,0.03
OL-0002152,O-000860,P-300,5,3040.00,0.05
OL-0002153,O-000860,P-200,3,4860.00,0.10
OL-0002154,O-000860,P-200,7,4860.00,0.10
OL-0002155,O-000861,P-100,7,800.25,0.03
OL-0002156,O-000861,P-100,8,783.75,0.05
OL-0002157,O-000861,P-200,7,5238.00,0.03
OL-0002158,O-000861,P-100,3,742.50,0.10
OL-0002159,O-000862,P-100,3,742.50,0.10
OL-0002160,O-000862,P-200,3,4860.00,0.10
OL-0002161,O-000863,P-310,6,179.45,0.03
OL-0002162,O-000864,P-110,2,1425.00,0.00
OL-0002163,O-000865,P-300,3,3200.00,0.00
OL-0002164,O-000865,P-210,4,931.20,0.03
OL-0002165,O-000865,P-210,1,864.00,0.10
OL-0002166,O-000866,P-110,7,1382.25,0.03
OL-0002167,O-000866,P-200,3,4860.00,0.10
OL-0002168,O-000866,P-110,4,1353.75,0.05
OL-0002169,O-000866,P-100,1,783.75,0.05
OL-0002170,O-000867,P-310,4,166.50,0.10
OL-0002171,O-000867,P-310,8,166.50,0.10
OL-0002172,O-000867,P-110,5,1382.25,0.03
OL-0002173,O-000867,P-100,7,742.50,0.10
OL-0002174,O-000868,P-210,1,912.00,0.05
OL-0002175,O-000869,P-200,8,5238.00,0.03
OL-0002176,O-000869,P-100,3,825.00,0.00
OL-0002177,O-000870,P-210,3,912.00,0.05
OL-0002178,O-000870,P-200,3,4860.00,0.10
OL-0002179,O-000871,P-210,5,960.00,0.00
OL-0002180,O-000871,P-300,8,3104.00,0.03
OL-0002181,O-000872,P-300,2,3104.00,0.03
OL-0002182,O-000872,P-200,4,4860.00,0.10
OL-0002183,O-000873,P-200,2,5238.00,0.03
OL-0002184,O-000873,P-110,4,1282.50,0.10
OL-0002185,O-000873,P-310,6,179.45,0.03
OL-0002186,O-000874,P-110,7,1425.00,0.00
OL-0002187,O-000874,P-300,1,3040.00,0.05
OL-0002188,O-000874,P-310,1,185.00,0.00
OL-0002189,O-000875,P-310,7,175.75,0.05
OL-0002190,O-000875,P-100,1,825.00,0.00
OL-0002191,O-000876,P-110,6,1425.00,0.00
OL-0002192,O-000877,P-110,8,1353.75,0.05
OL-0002193,O-000878,P-200,7,5238.00,0.03
OL-0002194,O-000878,P-200,7,5238.00,0.03
OL-0002195,O-000878,P-210,8,912.00,0.05
OL-0002196,O-000879,P-100,8,783.75,0.05
OL-0002197,O-000879,P-310,6,166.50,0.10
OL-0002198,O-000879,P-100,6,800.25,0.03
OL-0002199,O-000880,P-200,5,5238.00,0.03
OL-0002200,O-000880,P-200,1,4860.00,0.10
OL-0002201,O-000880,P-110,2,1425.00,0.00
OL-0002202,O-000881,P-110,6,1353.75,0.05
OL-0002203,O-000881,P-110,3,1382.25,0.03
OL-0002204,O-000882,P-110,6,1353.75,0.05
OL-0002205,O-000882,P-310,7,166.50,0.10
OL-0002206,O-000882,P-200,5,5238.00,0.03
OL-0002207,O-000883,P-310,3,179.45,0.03
OL-0002208,O-000883,P-100,7,783.75,0.05
OL-0002209,O-000883,P-110,5,1425.00,0.00
OL-0002210,O-000884,P-210,6,912.00,0.05
OL-0002211,O-000884,P-310,3,185.00,0.00
OL-0002212,O-000885,P-310,6,175.75,0.05
OL-0002213,O-000885,P-310,8,179.45,0.03
OL-0002214,O-000886,P-310,2,179.45,0.03
OL-0002215,O-000886,P-210,1,960.00,0.00
OL-0002216,O-000887,P-300,6,2880.00,0.10
OL-0002217,O-000887,P-200,5,5238.00,0.03
OL-0002218,O-000888,P-200,6,5238.00,0.03
OL-0002219,O-000888,P-200,8,4860.00,0.10
OL-0002220,O-000889,P-300,6,3104.00,0.03
OL-0002221,O-000889,P-300,3,3200.00,0.00
OL-0002222,O-000890,P-200,8,5130.00,0.05
OL-0002223,O-000890,P-310,7,179.45,0.03
OL-0002224,O-000890,P-300,7,3104.00,0.03
OL-0002225,O-000890,P-200,4,4860.00,0.10
OL-0002226,O-000891,P-310,4,179.45,0.03
OL-0002227,O-000892,P-100,3,800.25,0.03
OL-0002228,O-000892,P-210,5,912.00,0.05
OL-0002229,O-000892,P-110,7,1425.00,0.00
OL-0002230,O-000893,P-100,4,825.00,0.00
OL-0002231,O-000893,P-210,4,864.00,0.10
OL-0002232,O-000894,P-210,5,960.00,0.00
OL-0002233,O-000894,P-300,3,3200.00,0.00
OL-0002234,O-000895,P-110,1,1425.00,0.00
OL-0002235,O-000895,P-210,5,912.00,0.05
OL-0002236,O-000896,P-300,2,3040.00,0.05
OL-0002237,O-000896,P-300,8,2880.00,0.10
OL-0002238,O-000896,P-200,8,5238.00,0.03
OL-0002239,O-000897,P-110,4,1353.75,0.05
OL-0002240,O-000897,P-100,7,783.75,0.05
OL-0002241,O-000898,P-310,5,185.00,0.00
OL-0002242,O-000899,P-210,7,864.00,0.10
OL-0002243,O-000899,P-110,1,1425.00,0.00
OL-0002244,O-000899,P-100,4,800.25,0.03
OL-0002245,O-000899,P-210,1,960.00,0.00
OL-0002246,O-000900,P-100,4,783.75,0.05
OL-0002247,O-000900,P-110,2,1282.50,0.10
