order_id,customer_id,order_date,ship_date,sales_region,order_status
O-000001,C-0087,2025-04-27,2025-05-09,Europe,Delivered
O-000002,C-0066,2025-02-18,2025-02-20,Europe,Shipped
O-000003,C-0037,2025-08-30,2025-08-31,North America,Shipped
O-000004,C-0009,2025-11-19,2025-11-29,Europe,Shipped
O-000005,C-0016,2025-01-08,2025-01-14,Europe,Shipped
O-000006,C-0108,2025-07-06,2025-07-08,Europe,Shipped
O-000007,C-0014,2025-06-18,2025-06-27,North America,Shipped
O-000008,C-0012,2025-07-25,2025-08-08,Europe,Shipped
O-000009,C-0084,2025-08-02,2025-08-07,Europe,Shipped
O-000010,C-0077,2025-07-10,2025-07-11,Europe,Shipped
O-000011,C-0015,2025-02-04,2025-02-16,Europe,Delivered
O-000012,C-0041,2025-07-26,2025-08-06,Europe,Shipped
O-000013,C-0051,2025-10-28,2025-10-31,Europe,Shipped
O-000014,C-0044,2025-11-17,2025-11-28,North America,Shipped
O-000015,C-0058,2025-12-03,2025-12-10,Europe,Shipped
O-000016,C-0119,2025-10-26,2025-11-02,Europe,Delivered
O-000017,C-0053,2025-05-19,2025-05-26,Europe,Shipped
O-000018,C-0021,2025-08-25,2025-09-07,Europe,Shipped
O-000019,C-0113,2025-06-25,2025-07-03,Europe,Shipped
O-000020,C-0103,2025-01-26,2025-02-01,North America,Shipped
O-000021,C-0074,2025-11-21,2025-12-03,North America,Delivered
O-000022,C-0074,2025-07-22,2025-07-28,North America,Delivered
O-000023,C-0027,2025-12-30,2026-01-06,Europe,Delivered
O-000024,C-0067,2025-10-21,2025-10-28,North America,Shipped
O-000025,C-0098,2025-12-05,2025-12-17,North America,Delivered
O-000026,C-0080,2025-03-12,2025-03-24,North America,Shipped
O-000027,C-0069,2025-03-10,2025-03-13,Europe,Shipped
O-000028,C-0073,2025-11-27,2025-12-01,North America,Delivered
O-000029,C-0002,2025-12-04,2025-12-15,North America,Delivered
O-000030,C-0039,2025-06-26,2025-07-05,Europe,Shipped
O-000031,C-0076,2025-02-08,2025-02-16,Europe,Shipped
O-000032,C-0062,2025-01-01,2025-01-05,North America,Delivered
O-000033,C-0007,2025-02-05,2025-02-14,North America,Shipped
O-000034,C-0003,2025-04-25,2025-04-26,Europe,Delivered
O-000035,C-0036,2025-12-03,2025-12-08,Europe,Delivered
O-000036,C-0044,2025-12-21,2025-12-26,North America,Delivered
O-000037,C-0066,2025-11-28,2025-12-03,Europe,Shipped
O-000038,C-0031,2025-01-17,2025-01-30,North America,Shipped
O-000039,C-0014,2025-07-25,2025-07-30,North America,Delivered
O-000040,C-0052,2025-09-06,2025-09-11,Europe,Shipped
O-000041,C-0098,2025-08-05,2025-08-12,North America,Shipped
O-000042,C-0054,2025-03-22,2025-03-27,Europe,Delivered
O-000043,C-0019,2025-03-25,2025-04-04,North America,Shipped
O-000044,C-0007,2025-09-30,2025-10-03,North America,Delivered
O-000045,C-0029,2025-09-05,2025-09-16,Europe,Shipped
O-000046,C-0048,2025-08-22,2025-09-04,Europe,Shipped
O-000047,C-0120,2025-11-08,2025-11-18,Europe,Shipped
O-000048,C-0098,2025-12-12,2025-12-14,North America,Shipped
O-000049,C-0006,2025-04-24,2025-04-26,Europe,Shipped
O-000050,C-0050,2025-05-21,2025-05-22,North America,Delivered
O-000051,C-0115,2025-03-20,2025-03-21,North America,Delivered
O-000052,C-0113,2025-06-20,2025-06-25,Europe,Shipped
O-000053,C-0016,2025-09-16,2025-09-23,Europe,Delivered
O-000054,C-0044,2025-05-07,2025-05-19,North America,Shipped
O-000055,C-0120,2025-08-21,2025-08-30,Europe,Shipped
O-000056,C-0060,2025-11-28,2025-12-04,Europe,Delivered
O-000057,C-0013,2025-05-15,2025-05-23,North America,Shipped
O-000058,C-0004,2025-02-23,2025-03-06,Europe,Shipped
O-000059,C-0045,2025-12-10,2025-12-23,Europe,Shipped
O-000060,C-0109,2025-06-30,2025-07-01,North America,Delivered
O-000061,C-0105,2025-09-01,2025-09-03,Europe,Shipped
O-000062,C-0058,2025-05-15,2025-05-25,Europe,Delivered
O-000063,C-0081,2025-02-19,2025-03-02,Europe,Shipped
O-000064,C-0046,2025-06-02,2025-06-04,Europe,Shipped
O-000065,C-0029,2025-05-15,2025-05-27,Europe,Shipped
O-000066,C-0023,2025-12-21,2025-12-29,Europe,Shipped
O-000067,C-0033,2025-10-22,2025-10-31,Europe,Delivered
O-000068,C-0035,2025-02-22,2025-03-06,Europe,Delivered
O-000069,C-0016,2025-09-10,2025-09-24,Europe,Shipped
O-000070,C-0063,2025-10-11,2025-10-20,Europe,Delivered
O-000071,C-0077,2025-02-21,2025-02-24,Europe,Delivered
O-000072,C-0093,2025-05-02,2025-05-05,Europe,Shipped
O-000073,C-0049,2025-01-13,2025-01-21,North America,Shipped
O-000074,C-0118,2025-08-10,2025-08-22,Europe,Shipped
O-000075,C-0033,2025-04-29,2025-05-12,Europe,Shipped
O-000076,C-0076,2025-09-08,2025-09-19,Europe,Shipped
O-000077,C-0054,2025-08-24,2025-09-05,Europe,Delivered
O-000078,C-0057,2025-12-01,2025-12-10,Europe,Delivered
O-000079,C-0034,2025-01-04,2025-01-10,Europe,Delivered
O-000080,C-0030,2025-05-10,2025-05-15,Europe,Delivered
O-000081,C-0094,2025-11-13,2025-11-17,Europe,Shipped
O-000082,C-0082,2025-04-06,2025-04-20,Europe,Shipped
O-000083,C-0035,2025-05-23,2025-06-05,Europe,Shipped
O-000084,C-0062,2025-09-28,2025-10-08,North America,Delivered
O-000085,C-0086,2025-02-18,2025-02-19,North America,Delivered
O-000086,C-0036,2025-08-09,2025-08-23,Europe,Shipped
O-000087,C-0040,2025-09-15,2025-09-29,Europe,Delivered
O-000088,C-0068,2025-02-15,2025-02-24,North America,Shipped
O-000089,C-0026,2025-02-19,2025-02-20,North America,Shipped
O-000090,C-0001,2025-04-11,2025-04-15,North America,Shipped
O-000091,C-0038,2025-07-26,2025-08-02,North America,Shipped
O-000092,C-0029,2025-09-02,2025-09-06,Europe,Shipped
O-000093,C-0097,2025-06-09,2025-06-18,North America,Shipped
O-000094,C-0095,2025-04-14,2025-04-24,Europe,Delivered
O-000095,C-0069,2025-05-17,2025-05-21,Europe,Delivered
O-000096,C-0114,2025-11-19,2025-11-26,Europe,Delivered
O-000097,C-0058,2025-01-06,2025-01-17,Europe,Delivered
O-000098,C-0093,2025-09-04,2025-09-16,Europe,Shipped
O-000099,C-0076,2025-06-13,2025-06-27,Europe,Shipped
O-000100,C-0109,2025-12-05,2025-12-10,North America,Shipped
O-000101,C-0055,2025-05-18,2025-05-21,North America,Shipped
O-000102,C-0022,2025-01-08,2025-01-11,Europe,Shipped
O-000103,C-0063,2025-05-30,2025-06-04,Europe,Delivered
O-000104,C-0092,2025-02-22,2025-03-06,North America,Shipped
O-000105,C-0054,2025-12-15,2025-12-21,Europe,Delivered
O-000106,C-0012,2025-01-18,2025-01-29,Europe,Shipped
O-000107,C-0101,2025-11-25,2025-11-26,Europe,Shipped
O-000108,C-0055,2025-01-01,2025-01-09,North America,Shipped
O-000109,C-0061,2025-09-24,2025-10-04,North America,Delivered
O-000110,C-0019,2025-12-08,2025-12-20,North America,Delivered
O-000111,C-0095,2025-04-28,2025-05-04,Europe,Shipped
O-000112,C-0075,2025-03-18,2025-03-31,Europe,Shipped
O-000113,C-0092,2025-07-11,2025-07-20,North America,Delivered
O-000114,C-0073,2025-11-08,2025-11-18,North America,Shipped
O-000115,C-0074,2025-11-11,2025-11-20,North America,Delivered
O-000116,C-0024,2025-01-27,2025-02-10,Europe,Shipped
O-000117,C-0002,2025-09-29,2025-10-11,North America,Delivered
O-000118,C-0115,2025-11-30,2025-12-03,North America,Shipped
O-000119,C-0117,2025-12-17,2025-12-23,Europe,Delivered
O-000120,C-0010,2025-09-25,2025-09-26,Europe,Shipped
O-000121,C-0007,2025-01-11,2025-01-19,North America,Shipped
O-000122,C-0031,2025-01-19,2025-01-29,North America,Shipped
O-000123,C-0071,2025-07-15,2025-07-23,Europe,Shipped
O-000124,C-0065,2025-11-17,2025-11-20,Europe,Delivered
O-000125,C-0008,2025-09-06,2025-09-17,North America,Shipped
O-000126,C-0050,2025-05-16,2025-05-27,North America,Delivered
O-000127,C-0007,2025-05-21,2025-06-01,North America,Shipped
O-000128,C-0082,2025-08-11,2025-08-24,Europe,Shipped
O-000129,C-0058,2025-10-26,2025-11-09,Europe,Delivered
O-000130,C-0049,2025-09-09,2025-09-20,North America,Shipped
O-000131,C-0047,2025-02-26,2025-03-03,Europe,Delivered
O-000132,C-0115,2025-10-14,2025-10-23,North America,Shipped
O-000133,C-0103,2025-01-25,2025-01-29,North America,Shipped
O-000134,C-0028,2025-12-30,2026-01-05,Europe,Shipped
O-000135,C-0013,2025-04-06,2025-04-15,North America,Shipped
O-000136,C-0018,2025-03-19,2025-03-25,Europe,Shipped
O-000137,C-0070,2025-06-23,2025-06-26,Europe,Shipped
O-000138,C-0074,2025-09-07,2025-09-09,North America,Shipped
O-000139,C-0025,2025-02-07,2025-02-13,North America,Shipped
O-000140,C-0105,2025-09-25,2025-09-29,Europe,Delivered
O-000141,C-0084,2025-02-02,2025-02-07,Europe,Shipped
O-000142,C-0087,2025-08-25,2025-09-05,Europe,Shipped
O-000143,C-0120,2025-04-22,2025-05-01,Europe,Shipped
O-000144,C-0090,2025-06-11,2025-06-23,Europe,Shipped
O-000145,C-0001,2025-08-23,2025-09-05,North America,Shipped
O-000146,C-0077,2025-08-16,2025-08-26,Europe,Delivered
O-000147,C-0017,2025-06-14,2025-06-22,Europe,Delivered
O-000148,C-0104,2025-03-31,2025-04-11,North America,Shipped
O-000149,C-0019,2025-07-19,2025-07-28,North America,Delivered
O-000150,C-0002,2025-07-21,2025-08-02,North America,Shipped
O-000151,C-0032,2025-02-24,2025-03-04,North America,Shipped
O-000152,C-0041,2025-10-16,2025-10-29,Europe,Shipped
O-000153,C-0003,2025-07-13,2025-07-22,Europe,Shipped
O-000154,C-0068,2025-12-30,2026-01-01,North America,Shipped
O-000155,C-0106,2025-08-31,2025-09-01,Europe,Shipped
O-000156,C-0031,2025-02-07,2025-02-15,North America,Shipped
O-000157,C-0110,2025-12-27,2026-01-01,North America,Delivered
O-000158,C-0065,2025-07-18,2025-07-23,Europe,Delivered
O-000159,C-0033,2025-08-08,2025-08-19,Europe,Delivered
O-000160,C-0035,2025-07-18,2025-07-30,Europe,Shipped
O-000161,C-0072,2025-05-22,2025-05-26,Europe,Delivered
O-000162,C-0078,2025-04-26,2025-05-05,Europe,Delivered
O-000163,C-0075,2025-04-12,2025-04-26,Europe,Delivered
O-000164,C-0057,2025-12-26,2025-12-27,Europe,Shipped
O-000165,C-0005,2025-08-16,2025-08-20,Europe,Shipped
O-000166,C-0111,2025-01-13,2025-01-21,Europe,Delivered
O-000167,C-0113,2025-07-27,2025-08-07,Europe,Shipped
O-000168,C-0022,2025-01-29,2025-02-11,Europe,Shipped
O-000169,C-0077,2025-02-25,2025-02-28,Europe,Shipped
O-000170,C-0114,2025-12-15,2025-12-20,Europe,Shipped
O-000171,C-0026,2025-03-13,2025-03-21,North America,Delivered
O-000172,C-0074,2025-01-28,2025-02-03,North America,Shipped
O-000173,C-0076,2025-07-29,2025-08-01,Europe,Delivered
O-000174,C-0020,2025-06-26,2025-07-10,North America,Shipped
O-000175,C-0005,2025-09-12,2025-09-25,Europe,Shipped
O-000176,C-0019,2025-02-07,2025-02-18,North America,Shipped
O-000177,C-0027,2025-01-31,2025-02-14,Europe,Delivered
O-000178,C-0063,2025-12-01,2025-12-12,Europe,Delivered
O-000179,C-0012,2025-09-05,2025-09-10,Europe,Shipped
O-000180,C-0015,2025-01-23,2025-01-28,Europe,Delivered
O-000181,C-0096,2025-06-26,2025-07-02,Europe,Delivered
O-000182,C-0058,2025-06-10,2025-06-18,Europe,Shipped
O-000183,C-0106,2025-11-18,2025-11-28,Europe,Shipped
O-000184,C-0103,2025-11-19,2025-11-21,North America,Shipped
O-000185,C-0100,2025-01-20,2025-01-31,Europe,Delivered
O-000186,C-0070,2025-08-18,2025-08-28,Europe,Shipped
O-000187,C-0068,2025-07-24,2025-07-30,North America,Shipped
O-000188,C-0113,2025-04-03,2025-04-04,Europe,Shipped
O-000189,C-0058,2025-07-13,2025-07-24,Europe,Delivered
O-000190,C-0094,2025-01-15,2025-01-28,Europe,Shipped
O-000191,C-0118,2025-07-15,2025-07-17,Europe,Delivered
O-000192,C-0084,2025-12-22,2025-12-26,Europe,Delivered
O-000193,C-0021,2025-09-29,2025-10-12,Europe,Shipped
O-000194,C-0018,2025-01-11,2025-01-22,Europe,Delivered
O-000195,C-0110,2025-03-24,2025-03-27,North America,Shipped
O-000196,C-0097,2025-02-14,2025-02-25,North America,Delivered
O-000197,C-0111,2025-01-22,2025-01-27,Europe,Shipped
O-000198,C-0048,2025-04-12,2025-04-25,Europe,Shipped
O-000199,C-0112,2025-12-11,2025-12-21,Europe,Delivered
O-000200,C-0034,2025-11-11,2025-11-15,Europe,Shipped
O-000201,C-0101,2025-08-06,2025-08-07,Europe,Shipped
O-000202,C-0011,2025-12-01,2025-12-02,Europe,Shipped
O-000203,C-0088,2025-09-30,2025-10-10,Europe,Shipped
O-000204,C-0002,2025-02-22,2025-03-07,North America,Shipped
O-000205,C-0048,2025-10-16,2025-10-28,Europe,Shipped
O-000206,C-0120,2025-01-28,2025-02-07,Europe,Delivered
O-000207,C-0040,2025-02-26,2025-02-27,Europe,Shipped
O-000208,C-0085,2025-07-10,2025-07-12,North America,Shipped
O-000209,C-0003,2025-08-22,2025-08-28,Europe,Delivered
O-000210,C-0077,2025-11-08,2025-11-21,Europe,Shipped
O-000211,C-0108,2025-04-02,2025-04-10,Europe,Delivered
O-000212,C-0095,2025-01-11,2025-01-16,Europe,Shipped
O-000213,C-0102,2025-02-12,2025-02-20,Europe,Delivered
O-000214,C-0005,2025-02-21,2025-02-25,Europe,Delivered
O-000215,C-0084,2025-07-09,2025-07-12,Europe,Shipped
O-000216,C-0032,2025-10-15,2025-10-16,North America,Shipped
O-000217,C-0029,2025-09-26,2025-10-05,Europe,Shipped
O-000218,C-0072,2025-04-20,2025-04-26,Europe,Delivered
O-000219,C-0003,2025-05-02,2025-05-13,Europe,Shipped
O-000220,C-0004,2025-02-17,2025-02-19,Europe,Shipped
O-000221,C-0032,2025-05-13,2025-05-14,North America,Delivered
O-000222,C-0026,2025-12-04,2025-12-07,North America,Shipped
O-000223,C-0025,2025-11-23,2025-12-07,North America,Shipped
O-000224,C-0055,2025-01-31,2025-02-06,North America,Shipped
O-000225,C-0089,2025-12-07,2025-12-13,Europe,Shipped
O-000226,C-0076,2025-09-17,2025-09-19,Europe,Shipped
O-000227,C-0004,2025-05-14,2025-05-25,Europe,Shipped
O-000228,C-0069,2025-07-30,2025-08-13,Europe,Delivered
O-000229,C-0060,2025-10-07,2025-10-12,Europe,Shipped
O-000230,C-0020,2025-02-21,2025-03-06,North America,Delivered
O-000231,C-0099,2025-11-01,2025-11-12,Europe,Shipped
O-000232,C-0117,2025-07-20,2025-07-22,Europe,Shipped
O-000233,C-0085,2025-02-15,2025-02-17,North America,Delivered
O-000234,C-0063,2025-08-21,2025-08-26,Europe,Delivered
O-000235,C-0079,2025-03-05,2025-03-13,North America,Delivered
O-000236,C-0071,2025-07-18,2025-07-28,Europe,Delivered
O-000237,C-0041,2025-02-22,2025-02-25,Europe,Shipped
O-000238,C-0066,2025-08-25,2025-09-05,Europe,Shipped
O-000239,C-0114,2025-06-06,2025-06-16,Europe,Delivered
O-000240,C-0016,2025-05-19,2025-05-31,Europe,Shipped
O-000241,C-0034,2025-03-05,2025-03-17,Europe,Shipped
O-000242,C-0004,2025-12-23,2025-12-31,Europe,Shipped
O-000243,C-0006,2025-11-14,2025-11-26,Europe,Delivered
O-000244,C-0046,2025-10-27,2025-11-04,Europe,Delivered
O-000245,C-0044,2025-05-08,2025-05-14,North America,Shipped
O-000246,C-0033,2025-05-28,2025-06-06,Europe,Shipped
O-000247,C-0108,2025-07-16,2025-07-28,Europe,Delivered
O-000248,C-0006,2025-04-04,2025-04-18,Europe,Shipped
O-000249,C-0057,2025-06-19,2025-06-24,Europe,Shipped
O-000250,C-0025,2025-05-25,2025-06-07,North America,Delivered
O-000251,C-0025,2025-07-15,2025-07-28,North America,Shipped
O-000252,C-0065,2025-05-06,2025-05-16,Europe,Delivered
O-000253,C-0069,2025-11-03,2025-11-10,Europe,Delivered
O-000254,C-0031,2025-03-04,2025-03-15,North America,Shipped
O-000255,C-0019,2025-03-10,2025-03-17,North America,Shipped
O-000256,C-0032,2025-08-17,2025-08-22,North America,Shipped
O-000257,C-0004,2025-09-30,2025-10-01,Europe,Shipped
O-000258,C-0090,2025-02-17,2025-02-28,Europe,Delivered
O-000259,C-0003,2025-12-28,2026-01-02,Europe,Shipped
O-000260,C-0039,2025-09-11,2025-09-13,Europe,Delivered
O-000261,C-0107,2025-10-05,2025-10-14,Europe,Shipped
O-000262,C-0021,2025-12-19,2025-12-30,Europe,Delivered
O-000263,C-0075,2025-06-03,2025-06-17,Europe,Delivered
O-000264,C-0065,2025-11-18,2025-11-20,Europe,Delivered
O-000265,C-0014,2025-07-06,2025-07-08,North America,Shipped
O-000266,C-0051,2025-09-09,2025-09-20,Europe,Delivered
O-000267,C-0061,2025-10-10,2025-10-21,North America,Shipped
O-000268,C-0037,2025-11-19,2025-11-30,North America,Shipped
O-000269,C-0116,2025-04-07,2025-04-21,North America,Delivered
O-000270,C-0023,2025-10-13,2025-10-26,Europe,Shipped
O-000271,C-0005,2025-07-21,2025-07-23,Europe,Shipped
O-000272,C-0029,2025-04-22,2025-04-23,Europe,Shipped
O-000273,C-0108,2025-04-22,2025-04-26,Europe,Shipped
O-000274,C-0008,2025-11-10,2025-11-11,North America,Shipped
O-000275,C-0001,2025-02-07,2025-02-20,North America,Shipped
O-000276,C-0094,2025-02-01,2025-02-05,Europe,Shipped
O-000277,C-0098,2025-09-11,2025-09-21,North America,Shipped
O-000278,C-0088,2025-08-02,2025-08-06,Europe,Delivered
O-000279,C-0059,2025-10-07,2025-10-17,Europe,Shipped
O-000280,C-0063,2025-10-20,2025-11-03,Europe,Shipped
O-000281,C-0087,2025-12-06,2025-12-18,Europe,Delivered
O-000282,C-0025,2025-05-08,2025-05-09,North America,Shipped
O-000283,C-0052,2025-09-24,2025-09-25,Europe,Shipped
O-000284,C-0008,2025-10-19,2025-10-28,North America,Shipped
O-000285,C-0028,2025-09-09,2025-09-14,Europe,Shipped
O-000286,C-0106,2025-05-09,2025-05-23,Europe,Delivered
O-000287,C-0014,2025-05-21,2025-05-31,North America,Shipped
O-000288,C-0033,2025-03-30,2025-04-10,Europe,Shipped
O-000289,C-0107,2025-10-18,2025-10-22,Europe,Shipped
O-000290,C-0080,2025-01-17,2025-01-28,North America,Shipped
O-000291,C-0112,2025-10-06,2025-10-13,Europe,Shipped
O-000292,C-0039,2025-07-25,2025-08-04,Europe,Shipped
O-000293,C-0090,2025-11-16,2025-11-20,Europe,Shipped
O-000294,C-0075,2025-04-21,2025-04-29,Europe,Shipped
O-000295,C-0063,2025-11-23,2025-12-05,Europe,Delivered
O-000296,C-0017,2025-12-29,2026-01-05,Europe,Shipped
O-000297,C-0041,2025-03-18,2025-03-25,Europe,Shipped
O-000298,C-0045,2025-02-27,2025-03-05,Europe,Shipped
O-000299,C-0117,2025-10-27,2025-10-30,Europe,Delivered
O-000300,C-0027,2025-02-06,2025-02-07,Europe,Shipped
O-000301,C-0074,2025-10-06,2025-10-07,North America,Delivered
O-000302,C-0075,2025-02-13,2025-02-23,Europe,Shipped
O-000303,C-0048,2025-10-28,2025-11-10,Europe,Shipped
O-000304,C-0090,2025-01-17,2025-01-31,Europe,Delivered
O-000305,C-0071,2025-12-07,2025-12-08,Europe,Shipped
O-000306,C-0078,2025-01-27,2025-02-02,Europe,Shipped
O-000307,C-0055,2025-12-10,2025-12-15,North America,Delivered
O-000308,C-0009,2025-08-06,2025-08-10,Europe,Shipped
O-000309,C-0024,2025-05-19,2025-05-21,Europe,Shipped
O-000310,C-0025,2025-09-10,2025-09-15,North America,Delivered
O-000311,C-0052,2025-09-19,2025-09-21,Europe,Shipped
O-000312,C-0052,2025-02-20,2025-03-03,Europe,Shipped
O-000313,C-0027,2025-07-21,2025-07-30,Europe,Shipped
O-000314,C-0031,2025-09-01,2025-09-14,North America,Shipped
O-000315,C-0062,2025-05-11,2025-05-13,North America,Shipped
O-000316,C-0112,2025-09-18,2025-09-22,Europe,Shipped
O-000317,C-0022,2025-04-02,2025-04-12,Europe,Shipped
O-000318,C-0073,2025-10-08,2025-10-12,North America,Shipped
O-000319,C-0094,2025-11-28,2025-12-02,Europe,Shipped
O-000320,C-0092,2025-08-23,2025-09-04,North America,Shipped
O-000321,C-0107,2025-11-18,2025-11-19,Europe,Delivered
O-000322,C-0114,2025-11-17,2025-11-20,Europe,Shipped
O-000323,C-0115,2025-06-29,2025-07-04,North America,Shipped
O-000324,C-0014,2025-01-15,2025-01-21,North America,Shipped
O-000325,C-0067,2025-12-29,2026-01-11,North America,Shipped
O-000326,C-0058,2025-07-08,2025-07-13,Europe,Delivered
O-000327,C-0060,2025-03-14,2025-03-22,Europe,Shipped
O-000328,C-0087,2025-05-12,2025-05-15,Europe,Shipped
O-000329,C-0043,2025-11-01,2025-11-08,North America,Delivered
O-000330,C-0059,2025-09-03,2025-09-09,Europe,Delivered
O-000331,C-0076,2025-07-31,2025-08-03,Europe,Shipped
O-000332,C-0075,2025-07-19,2025-07-20,Europe,Shipped
O-000333,C-0110,2025-05-04,2025-05-07,North America,Shipped
O-000334,C-0079,2025-07-12,2025-07-24,North America,Shipped
O-000335,C-0089,2025-05-13,2025-05-23,Europe,Shipped
O-000336,C-0019,2025-08-09,2025-08-18,North America,Delivered
O-000337,C-0101,2025-08-15,2025-08-23,Europe,Shipped
O-000338,C-0011,2025-12-13,2025-12-22,Europe,Shipped
O-000339,C-0119,2025-11-13,2025-11-14,Europe,Shipped
O-000340,C-0003,2025-04-16,2025-04-20,Europe,Delivered
O-000341,C-0005,2025-09-28,2025-10-11,Europe,Shipped
O-000342,C-0031,2025-05-23,2025-05-27,North America,Shipped
O-000343,C-0119,2025-08-23,2025-08-30,Europe,Delivered
O-000344,C-0018,2025-06-07,2025-06-18,Europe,Shipped
O-000345,C-0007,2025-05-27,2025-06-05,North America,Shipped
O-000346,C-0074,2025-02-14,2025-02-17,North America,Shipped
O-000347,C-0059,2025-08-08,2025-08-18,Europe,Delivered
O-000348,C-0019,2025-06-21,2025-07-01,North America,Shipped
O-000349,C-0111,2025-08-09,2025-08-11,Europe,Shipped
O-000350,C-0118,2025-09-10,2025-09-11,Europe,Delivered
O-000351,C-0072,2025-11-30,2025-12-06,Europe,Delivered
O-000352,C-0006,2025-02-11,2025-02-13,Europe,Delivered
O-000353,C-0092,2025-03-22,2025-03-28,North America,Shipped
O-000354,C-0038,2025-10-06,2025-10-09,North America,Shipped
O-000355,C-0064,2025-08-27,2025-09-08,Europe,Shipped
O-000356,C-0021,2025-01-15,2025-01-24,Europe,Shipped
O-000357,C-0094,2025-08-21,2025-08-27,Europe,Delivered
O-000358,C-0098,2025-04-02,2025-04-03,North America,Shipped
O-000359,C-0009,2025-03-20,2025-04-01,Europe,Delivered
O-000360,C-0108,2025-05-30,2025-06-04,Europe,Shipped
O-000361,C-0094,2025-12-05,2025-12-06,Europe,Delivered
O-000362,C-0049,2025-08-28,2025-09-07,North America,Shipped
O-000363,C-0021,2025-03-01,2025-03-06,Europe,Shipped
O-000364,C-0055,2025-03-06,2025-03-12,North America,Delivered
O-000365,C-0006,2025-06-19,2025-06-23,Europe,Shipped
O-000366,C-0052,2025-01-24,2025-02-07,Europe,Shipped
O-000367,C-0091,2025-02-10,2025-02-19,North America,Delivered
O-000368,C-0063,2025-08-01,2025-08-07,Europe,Delivered
O-000369,C-0034,2025-03-13,2025-03-18,Europe,Delivered
O-000370,C-0024,2025-04-24,2025-05-05,Europe,Shipped
O-000371,C-0073,2025-03-08,2025-03-15,North America,Shipped
O-000372,C-0108,2025-02-15,2025-02-22,Europe,Shipped
O-000373,C-0092,2025-11-25,2025-12-04,North America,Shipped
O-000374,C-0083,2025-04-16,2025-04-20,Europe,Shipped
O-000375,C-0029,2025-03-16,2025-03-18,Europe,Shipped
O-000376,C-0106,2025-02-07,2025-02-18,Europe,Delivered
O-000377,C-0032,2025-09-23,2025-09-26,North America,Delivered
O-000378,C-0060,2025-12-29,2026-01-10,Europe,Delivered
O-000379,C-0077,2025-07-06,2025-07-17,Europe,Shipped
O-000380,C-0016,2025-04-09,2025-04-19,Europe,Shipped
O-000381,C-0053,2025-09-24,2025-10-04,Europe,Shipped
O-000382,C-0095,2025-07-08,2025-07-14,Europe,Shipped
O-000383,C-0101,2025-10-19,2025-10-22,Europe,Delivered
O-000384,C-0107,2025-12-11,2025-12-15,Europe,Shipped
O-000385,C-0037,2025-04-04,2025-04-13,North America,Delivered
O-000386,C-0022,2025-07-05,2025-07-18,Europe,Shipped
O-000387,C-0050,2025-12-18,2025-12-31,North America,Delivered
O-000388,C-0086,2025-08-10,2025-08-17,North America,Shipped
O-000389,C-0109,2025-06-17,2025-06-22,North America,Shipped
O-000390,C-0111,2025-12-27,2026-01-08,Europe,Shipped
O-000391,C-0104,2025-11-13,2025-11-22,North America,Delivered
O-000392,C-0107,2025-03-31,2025-04-02,Europe,Shipped
O-000393,C-0076,2025-08-16,2025-08-20,Europe,Shipped
O-000394,C-0089,2025-05-07,2025-05-17,Europe,Shipped
O-000395,C-0066,2025-02-17,2025-02-21,Europe,Delivered
O-000396,C-0110,2025-07-20,2025-07-25,North America,Shipped
O-000397,C-0096,2025-01-28,2025-02-05,Europe,Shipped
O-000398,C-0013,2025-04-30,2025-05-08,North America,Delivered
O-000399,C-0008,2025-09-29,2025-10-10,North America,Delivered
O-000400,C-0029,2025-12-05,2025-12-12,Europe,Shipped
O-000401,C-0075,2025-11-20,2025-12-03,Europe,Delivered
O-000402,C-0006,2025-05-03,2025-05-05,Europe,Delivered
O-000403,C-0087,2025-08-22,2025-08-31,Europe,Shipped
O-000404,C-0088,2025-12-21,2025-12-31,Europe,Delivered
O-000405,C-0083,2025-05-30,2025-05-31,Europe,Shipped
O-000406,C-0023,2025-05-06,2025-05-13,Europe,Shipped
O-000407,C-0101,2025-12-21,2026-01-04,Europe,Shipped
O-000408,C-0062,2025-05-01,2025-05-11,North America,Shipped
O-000409,C-0083,2025-10-07,2025-10-14,Europe,Shipped
O-000410,C-0040,2025-08-12,2025-08-14,Europe,Delivered
O-000411,C-0039,2025-05-28,2025-06-07,Europe,Shipped
O-000412,C-0059,2025-12-11,2025-12-21,Europe,Shipped
O-000413,C-0113,2025-03-19,2025-04-02,Europe,Shipped
O-000414,C-0062,2025-01-22,2025-01-28,North America,Shipped
O-000415,C-0116,2025-05-18,2025-05-21,North America,Shipped
O-000416,C-0090,2025-04-03,2025-04-13,Europe,Delivered
O-000417,C-0026,2025-06-04,2025-06-08,North America,Shipped
O-000418,C-0111,2025-02-25,2025-03-06,Europe,Delivered
O-000419,C-0117,2025-08-26,2025-09-02,Europe,Shipped
O-000420,C-0007,2025-10-17,2025-10-26,North America,Delivered
O-000421,C-0010,2025-08-06,2025-08-13,Europe,Shipped
O-000422,C-0080,2025-03-15,2025-03-18,North America,Shipped
O-000423,C-0078,2025-12-14,2025-12-19,Europe,Delivered
O-000424,C-0079,2025-06-11,2025-06-18,North America,Shipped
O-000425,C-0098,2025-04-24,2025-04-27,North America,Shipped
O-000426,C-0044,2025-09-14,2025-09-23,North America,Delivered
O-000427,C-0058,2025-11-16,2025-11-26,Europe,Delivered
O-000428,C-0029,2025-10-31,2025-11-06,Europe,Shipped
O-000429,C-0090,2025-06-23,2025-06-29,Europe,Shipped
O-000430,C-0080,2025-09-15,2025-09-16,North America,Shipped
O-000431,C-0045,2025-08-08,2025-08-14,Europe,Shipped
O-000432,C-0098,2025-07-07,2025-07-12,North America,Delivered
O-000433,C-0053,2025-07-03,2025-07-09,Europe,Delivered
O-000434,C-0119,2025-10-06,2025-10-08,Europe,Delivered
O-000435,C-0029,2025-03-03,2025-03-13,Europe,Shipped
O-000436,C-0025,2025-08-02,2025-08-04,North America,Shipped
O-000437,C-0036,2025-07-12,2025-07-18,Europe,Delivered
O-000438,C-0116,2025-02-19,2025-02-27,North America,Shipped
O-000439,C-0069,2025-06-07,2025-06-18,Europe,Delivered
O-000440,C-0010,2025-01-28,2025-02-03,Europe,Delivered
O-000441,C-0111,2025-10-02,2025-10-08,Europe,Delivered
O-000442,C-0095,2025-02-25,2025-03-11,Europe,Shipped
O-000443,C-0025,2025-04-12,2025-04-20,North America,Shipped
O-000444,C-0075,2025-07-29,2025-07-30,Europe,Delivered
O-000445,C-0113,2025-02-13,2025-02-22,Europe,Delivered
O-000446,C-0097,2025-09-29,2025-09-30,North America,Shipped
O-000447,C-0038,2025-07-30,2025-08-06,North America,Delivered
O-000448,C-0037,2025-06-01,2025-06-07,North America,Shipped
O-000449,C-0030,2025-10-06,2025-10-13,Europe,Shipped
O-000450,C-0058,2025-10-27,2025-11-09,Europe,Delivered
O-000451,C-0058,2025-05-24,2025-05-25,Europe,Delivered
O-000452,C-0081,2025-08-28,2025-09-11,Europe,Shipped
O-000453,C-0110,2025-11-23,2025-12-05,North America,Shipped
O-000454,C-0033,2025-09-14,2025-09-19,Europe,Shipped
O-000455,C-0077,2025-05-24,2025-05-28,Europe,Delivered
O-000456,C-0061,2025-10-08,2025-10-13,North America,Shipped
O-000457,C-0052,2025-02-28,2025-03-11,Europe,Shipped
O-000458,C-0024,2025-12-19,2025-12-28,Europe,Delivered
O-000459,C-0077,2025-01-16,2025-01-25,Europe,Shipped
O-000460,C-0015,2025-08-22,2025-09-02,Europe,Shipped
O-000461,C-0060,2025-12-05,2025-12-13,Europe,Shipped
O-000462,C-0067,2025-02-28,2025-03-11,North America,Shipped
O-000463,C-0084,2025-03-31,2025-04-06,Europe,Shipped
O-000464,C-0047,2025-06-24,2025-06-29,Europe,Shipped
O-000465,C-0109,2025-12-02,2025-12-10,North America,Delivered
O-000466,C-0030,2025-12-17,2025-12-28,Europe,Shipped
O-000467,C-0058,2025-05-06,2025-05-15,Europe,Shipped
O-000468,C-0074,2025-10-18,2025-10-26,North America,Delivered
O-000469,C-0090,2025-11-01,2025-11-12,Europe,Shipped
O-000470,C-0012,2025-07-03,2025-07-17,Europe,Shipped
O-000471,C-0039,2025-06-20,2025-06-25,Europe,Shipped
O-000472,C-0032,2025-01-21,2025-01-27,North America,Shipped
O-000473,C-0118,2025-12-13,2025-12-24,Europe,Delivered
O-000474,C-0111,2025-05-26,2025-06-02,Europe,Shipped
O-000475,C-0092,2025-03-28,2025-03-30,North America,Delivered
O-000476,C-0099,2025-09-09,2025-09-15,Europe,Shipped
O-000477,C-0098,2025-08-15,2025-08-29,North America,Shipped
O-000478,C-0093,2025-03-08,2025-03-22,Europe,Shipped
O-000479,C-0073,2025-03-07,2025-03-13,North America,Shipped
O-000480,C-0009,2025-11-14,2025-11-19,Europe,Shipped
O-000481,C-0120,2025-05-25,2025-06-03,Europe,Delivered
O-000482,C-0062,2025-03-04,2025-03-15,North America,Shipped
O-000483,C-0001,2025-03-15,2025-03-20,North America,Shipped
O-000484,C-0010,2025-04-04,2025-04-16,Europe,Shipped
O-000485,C-0096,2025-10-11,2025-10-21,Europe,Shipped
O-000486,C-0060,2025-11-12,2025-11-26,Europe,Shipped
O-000487,C-0083,2025-11-08,2025-11-21,Europe,Delivered
O-000488,C-0100,2025-06-21,2025-06-30,Europe,Shipped
O-000489,C-0070,2025-03-10,2025-03-21,Europe,Shipped
O-000490,C-0013,2025-05-22,2025-05-31,North America,Shipped
O-000491,C-0013,2025-01-24,2025-01-27,North America,Delivered
O-000492,C-0008,2025-06-04,2025-06-08,North America,Delivered
O-000493,C-0056,2025-10-09,2025-10-14,North America,Shipped
O-000494,C-0027,2025-11-29,2025-12-07,Europe,Shipped
O-000495,C-0024,2025-06-07,2025-06-08,Europe,Shipped
O-000496,C-0098,2025-05-27,2025-06-09,North America,Shipped
O-000497,C-0070,2025-08-12,2025-08-23,Europe,Shipped
O-000498,C-0017,2025-08-12,2025-08-25,Europe,Shipped
O-000499,C-0030,2025-10-23,2025-10-29,Europe,Delivered
O-000500,C-0061,2025-11-26,2025-12-05,North America,Delivered
O-000501,C-0005,2025-07-11,2025-07-19,Europe,Shipped
O-000502,C-0010,2025-06-03,2025-06-10,Europe,Shipped
O-000503,C-0034,2025-02-02,2025-02-08,Europe,Shipped
O-000504,C-0029,2025-08-24,2025-08-26,Europe,Delivered
O-000505,C-0004,2025-03-23,2025-03-28,Europe,Shipped
O-000506,C-0118,2025-02-27,2025-03-01,Europe,Shipped
O-000507,C-0030,2025-03-15,2025-03-17,Europe,Shipped
O-000508,C-0092,2025-09-04,2025-09-09,North America,Delivered
O-000509,C-0078,2025-11-07,2025-11-08,Europe,Shipped
O-000510,C-0060,2025-10-19,2025-10-23,Europe,Shipped
O-000511,C-0109,2025-12-02,2025-12-07,North America,Delivered
O-000512,C-0083,2025-10-30,2025-11-09,Europe,Delivered
O-000513,C-0030,2025-08-04,2025-08-09,Europe,Delivered
O-000514,C-0062,2025-08-08,2025-08-21,North America,Shipped
O-000515,C-0076,2025-07-22,2025-08-03,Europe,Shipped
O-000516,C-0050,2025-03-01,2025-03-09,North America,Delivered
O-000517,C-0066,2025-08-31,2025-09-04,Europe,Shipped
O-000518,C-0037,2025-07-17,2025-07-31,North America,Shipped
O-000519,C-0118,2025-10-30,2025-11-01,Europe,Delivered
O-000520,C-0067,2025-01-07,2025-01-12,North America,Delivered
O-000521,C-0117,2025-06-25,2025-06-29,Europe,Delivered
O-000522,C-0069,2025-08-19,2025-08-20,Europe,Shipped
O-000523,C-0105,2025-08-02,2025-08-09,Europe,Shipped
O-000524,C-0108,2025-07-17,2025-07-18,Europe,Shipped
O-000525,C-0010,2025-01-06,2025-01-11,Europe,Shipped
O-000526,C-0011,2025-01-27,2025-02-07,Europe,Delivered
O-000527,C-0039,2025-11-05,2025-11-07,Europe,Delivered
O-000528,C-0006,2025-10-02,2025-10-11,Europe,Delivered
O-000529,C-0102,2025-10-09,2025-10-14,Europe,Shipped
O-000530,C-0061,2025-12-09,2025-12-14,North America,Shipped
O-000531,C-0055,2025-09-15,2025-09-27,North America,Shipped
O-000532,C-0041,2025-08-17,2025-08-28,Europe,Shipped
O-000533,C-0001,2025-07-03,2025-07-12,North America,Shipped
O-000534,C-0118,2025-12-25,2026-01-02,Europe,Delivered
O-000535,C-0043,2025-08-20,2025-08-27,North America,Shipped
O-000536,C-0065,2025-09-10,2025-09-17,Europe,Shipped
O-000537,C-0023,2025-05-09,2025-05-21,Europe,Delivered
O-000538,C-0061,2025-03-16,2025-03-28,North America,Shipped
O-000539,C-0034,2025-01-26,2025-01-29,Europe,Shipped
O-000540,C-0040,2025-07-09,2025-07-22,Europe,Shipped
O-000541,C-0086,2025-09-17,2025-09-28,North America,Shipped
O-000542,C-0070,2025-01-25,2025-01-31,Europe,Shipped
O-000543,C-0043,2025-06-16,2025-06-28,North America,Delivered
O-000544,C-0050,2025-06-16,2025-06-19,North America,Shipped
O-000545,C-0042,2025-07-17,2025-07-24,Europe,Shipped
O-000546,C-0100,2025-04-04,2025-04-13,Europe,Shipped
O-000547,C-0034,2025-10-24,2025-10-25,Europe,Shipped
O-000548,C-0039,2025-03-03,2025-03-17,Europe,Shipped
O-000549,C-0015,2025-01-11,2025-01-17,Europe,Shipped
O-000550,C-0114,2025-08-24,2025-09-06,Europe,Shipped
O-000551,C-0081,2025-10-23,2025-10-26,Europe,Shipped
O-000552,C-0085,2025-05-10,2025-05-13,North America,Shipped
O-000553,C-0048,2025-09-18,2025-09-25,Europe,Shipped
O-000554,C-0095,2025-07-27,2025-08-01,Europe,Shipped
O-000555,C-0112,2025-06-07,2025-06-16,Europe,Shipped
O-000556,C-0086,2025-12-02,2025-12-09,North America,Shipped
O-000557,C-0076,2025-02-03,2025-02-14,Europe,Shipped
O-000558,C-0073,2025-02-20,2025-03-02,North America,Shipped
O-000559,C-0033,2025-12-20,2025-12-26,Europe,Shipped
O-000560,C-0032,2025-10-12,2025-10-17,North America,Shipped
O-000561,C-0116,2025-12-18,2025-12-20,North America,Delivered
O-000562,C-0003,2025-08-16,2025-08-23,Europe,Delivered
O-000563,C-0060,2025-10-17,2025-10-31,Europe,Shipped
O-000564,C-0020,2025-11-08,2025-11-12,North America,Shipped
O-000565,C-0037,2025-01-16,2025-01-18,North America,Shipped
O-000566,C-0099,2025-05-16,2025-05-26,Europe,Delivered
O-000567,C-0032,2025-03-19,2025-03-21,North America,Shipped
O-000568,C-0116,2025-10-12,2025-10-25,North America,Shipped
O-000569,C-0086,2025-01-28,2025-02-10,North America,Delivered
O-000570,C-0002,2025-07-18,2025-07-23,North America,Delivered
O-000571,C-0094,2025-12-05,2025-12-11,Europe,Delivered
O-000572,C-0056,2025-04-03,2025-04-08,North America,Shipped
O-000573,C-0004,2025-04-12,2025-04-21,Europe,Delivered
O-000574,C-0114,2025-03-28,2025-04-08,Europe,Shipped
O-000575,C-0011,2025-11-20,2025-11-27,Europe,Shipped
O-000576,C-0083,2025-09-28,2025-09-30,Europe,Shipped
O-000577,C-0078,2025-09-19,2025-09-27,Europe,Shipped
O-000578,C-0042,2025-07-30,2025-08-08,Europe,Delivered
O-000579,C-0120,2025-11-25,2025-12-04,Europe,Delivered
O-000580,C-0066,2025-12-31,2026-01-07,Europe,Shipped
O-000581,C-0098,2025-06-05,2025-06-10,North America,Shipped
O-000582,C-0067,2025-01-08,2025-01-22,North America,Shipped
O-000583,C-0079,2025-04-18,2025-04-26,North America,Shipped
O-000584,C-0038,2025-03-15,2025-03-23,North America,Delivered
O-000585,C-0052,2025-03-25,2025-04-03,Europe,Shipped
O-000586,C-0048,2025-09-25,2025-10-08,Europe,Shipped
O-000587,C-0021,2025-08-21,2025-08-22,Europe,Shipped
O-000588,C-0090,2025-07-22,2025-07-29,Europe,Shipped
O-000589,C-0087,2025-10-26,2025-11-06,Europe,Delivered
O-000590,C-0052,2025-05-31,2025-06-06,Europe,Shipped
O-000591,C-0063,2025-01-29,2025-01-31,Europe,Shipped
O-000592,C-0056,2025-09-23,2025-09-24,North America,Shipped
O-000593,C-0057,2025-07-01,2025-07-02,Europe,Shipped
O-000594,C-0119,2025-12-04,2025-12-09,Europe,Shipped
O-000595,C-0066,2025-08-04,2025-08-10,Europe,Delivered
O-000596,C-0108,2025-12-06,2025-12-07,Europe,Delivered
O-000597,C-0120,2025-06-16,2025-06-19,Europe,Shipped
O-000598,C-0081,2025-03-07,2025-03-18,Europe,Shipped
O-000599,C-0054,2025-07-13,2025-07-27,Europe,Delivered
O-000600,C-0039,2025-03-18,2025-03-24,Europe,Shipped
O-000601,C-0004,2025-11-12,2025-11-17,Europe,Delivered
O-000602,C-0065,2025-11-08,2025-11-12,Europe,Delivered
O-000603,C-0033,2025-04-18,2025-04-21,Europe,Shipped
O-000604,C-0038,2025-09-22,2025-10-05,North America,Shipped
O-000605,C-0051,2025-01-09,2025-01-15,Europe,Delivered
O-000606,C-0094,2025-11-09,2025-11-16,Europe,Shipped
O-000607,C-0035,2025-08-30,2025-09-13,Europe,Shipped
O-000608,C-0038,2025-02-01,2025-02-02,North America,Shipped
O-000609,C-0026,2025-07-18,2025-07-31,North America,Shipped
O-000610,C-0089,2025-04-03,2025-04-06,Europe,Shipped
O-000611,C-0001,2025-09-19,2025-09-30,North America,Delivered
O-000612,C-0023,2025-11-02,2025-11-16,Europe,Delivered
O-000613,C-0012,2025-11-29,2025-12-10,Europe,Shipped
O-000614,C-0118,2025-02-18,2025-02-22,Europe,Delivered
O-000615,C-0036,2025-04-21,2025-04-29,Europe,Delivered
O-000616,C-0035,2025-05-01,2025-05-09,Europe,Delivered
O-000617,C-0034,2025-03-04,2025-03-11,Europe,Shipped
O-000618,C-0014,2025-04-26,2025-04-29,North America,Shipped
O-000619,C-0066,2025-10-09,2025-10-18,Europe,Delivered
O-000620,C-0066,2025-04-08,2025-04-10,Europe,Shipped
O-000621,C-0076,2025-06-23,2025-07-02,Europe,Delivered
O-000622,C-0070,2025-10-11,2025-10-12,Europe,Delivered
O-000623,C-0120,2025-05-07,2025-05-13,Europe,Delivered
O-000624,C-0100,2025-03-14,2025-03-23,Europe,Shipped
O-000625,C-0046,2025-04-22,2025-04-23,Europe,Delivered
O-000626,C-0098,2025-04-22,2025-04-24,North America,Shipped
O-000627,C-0099,2025-07-27,2025-07-28,Europe,Shipped
O-000628,C-0109,2025-11-20,2025-11-27,North America,Delivered
O-000629,C-0086,2025-06-06,2025-06-14,North America,Shipped
O-000630,C-0006,2025-08-13,2025-08-25,Europe,Shipped
O-000631,C-0030,2025-07-16,2025-07-25,Europe,Shipped
O-000632,C-0074,2025-05-22,2025-06-03,North America,Shipped
O-000633,C-0036,2025-12-14,2025-12-17,Europe,Shipped
O-000634,C-0001,2025-02-24,2025-03-09,North America,Delivered
O-000635,C-0090,2025-11-29,2025-12-01,Europe,Delivered
O-000636,C-0004,2025-01-27,2025-02-07,Europe,Shipped
O-000637,C-0102,2025-04-22,2025-05-03,Europe,Delivered
O-000638,C-0038,2025-07-13,2025-07-24,North America,Delivered
O-000639,C-0054,2025-02-20,2025-02-21,Europe,Delivered
O-000640,C-0013,2025-08-21,2025-08-22,North America,Shipped
O-000641,C-0004,2025-09-28,2025-10-11,Europe,Shipped
O-000642,C-0072,2025-07-21,2025-07-24,Europe,Delivered
O-000643,C-0102,2025-09-15,2025-09-22,Europe,Shipped
O-000644,C-0106,2025-06-20,2025-06-28,Europe,Shipped
O-000645,C-0057,2025-08-11,2025-08-24,Europe,Shipped
O-000646,C-0023,2025-03-02,2025-03-11,Europe,Shipped
O-000647,C-0006,2025-01-16,2025-01-23,Europe,Shipped
O-000648,C-0090,2025-06-13,2025-06-24,Europe,Shipped
O-000649,C-0083,2025-05-25,2025-05-29,Europe,Shipped
O-000650,C-0029,2025-09-10,2025-09-16,Europe,Delivered
O-000651,C-0059,2025-07-24,2025-07-26,Europe,Shipped
O-000652,C-0096,2025-04-26,2025-05-06,Europe,Shipped
O-000653,C-0087,2025-07-10,2025-07-20,Europe,Shipped
O-000654,C-0041,2025-07-12,2025-07-18,Europe,Shipped
O-000655,C-0090,2025-11-06,2025-11-16,Europe,Shipped
O-000656,C-0008,2025-12-05,2025-12-09,North America,Shipped
O-000657,C-0074,2025-06-16,2025-06-29,North America,Shipped
O-000658,C-0017,2025-09-24,2025-10-05,Europe,Shipped
O-000659,C-0071,2025-08-16,2025-08-24,Europe,Shipped
O-000660,C-0103,2025-06-28,2025-06-30,North America,Shipped
O-000661,C-0092,2025-06-29,2025-07-06,North America,Shipped
O-000662,C-0093,2025-04-30,2025-05-09,Europe,Delivered
O-000663,C-0090,2025-12-20,2026-01-02,Europe,Shipped
O-000664,C-0077,2025-07-06,2025-07-09,Europe,Delivered
O-000665,C-0092,2025-10-26,2025-11-05,North America,Shipped
O-000666,C-0018,2025-03-14,2025-03-22,Europe,Delivered
O-000667,C-0011,2025-09-22,2025-09-24,Europe,Shipped
O-000668,C-0112,2025-10-07,2025-10-14,Europe,Shipped
O-000669,C-0114,2025-06-02,2025-06-16,Europe,Delivered
O-000670,C-0108,2025-04-07,2025-04-18,Europe,Shipped
O-000671,C-0092,2025-01-13,2025-01-23,North America,Delivered
O-000672,C-0078,2025-08-28,2025-08-30,Europe,Delivered
O-000673,C-0061,2025-04-22,2025-05-06,North America,Shipped
O-000674,C-0112,2025-03-14,2025-03-23,Europe,Delivered
O-000675,C-0007,2025-03-25,2025-04-08,North America,Delivered
O-000676,C-0085,2025-08-26,2025-08-27,North America,Shipped
O-000677,C-0114,2025-09-15,2025-09-25,Europe,Delivered
O-000678,C-0058,2025-09-13,2025-09-24,Europe,Shipped
O-000679,C-0111,2025-07-22,2025-08-01,Europe,Delivered
O-000680,C-0094,2025-06-18,2025-06-24,Europe,Delivered
O-000681,C-0041,2025-12-21,2025-12-25,Europe,Shipped
O-000682,C-0074,2025-05-04,2025-05-18,North America,Delivered
O-000683,C-0028,2025-07-30,2025-08-04,Europe,Shipped
O-000684,C-0035,2025-10-06,2025-10-18,Europe,Shipped
O-000685,C-0056,2025-11-03,2025-11-11,North America,Delivered
O-000686,C-0079,2025-07-05,2025-07-12,North America,Shipped
O-000687,C-0040,2025-11-01,2025-11-04,Europe,Shipped
O-000688,C-0103,2025-04-15,2025-04-25,North America,Shipped
O-000689,C-0017,2025-01-22,2025-01-30,Europe,Shipped
O-000690,C-0065,2025-05-22,2025-05-26,Europe,Shipped
O-000691,C-0041,2025-07-16,2025-07-22,Europe,Shipped
O-000692,C-0002,2025-12-16,2025-12-17,North America,Delivered
O-000693,C-0061,2025-01-01,2025-01-15,North America,Shipped
O-000694,C-0035,2025-06-10,2025-06-16,Europe,Shipped
O-000695,C-0067,2025-12-23,2025-12-25,North America,Shipped
O-000696,C-0043,2025-03-28,2025-04-11,North America,Shipped
O-000697,C-0069,2025-01-18,2025-01-24,Europe,Shipped
O-000698,C-0080,2025-01-25,2025-02-08,North America,Delivered
O-000699,C-0012,2025-04-28,2025-05-12,Europe,Shipped
O-000700,C-0111,2025-10-30,2025-11-02,Europe,Delivered
O-000701,C-0045,2025-11-16,2025-11-28,Europe,Delivered
O-000702,C-0013,2025-07-18,2025-07-28,North America,Shipped
O-000703,C-0020,2025-07-15,2025-07-16,North America,Delivered
O-000704,C-0103,2025-09-10,2025-09-18,North America,Shipped
O-000705,C-0012,2025-03-20,2025-03-28,Europe,Shipped
O-000706,C-0003,2025-12-15,2025-12-20,Europe,Shipped
O-000707,C-0110,2025-06-23,2025-06-27,North America,Shipped
O-000708,C-0088,2025-02-24,2025-03-03,Europe,Shipped
O-000709,C-0109,2025-06-11,2025-06-20,North America,Shipped
O-000710,C-0044,2025-09-04,2025-09-18,North America,Shipped
O-000711,C-0045,2025-06-14,2025-06-18,Europe,Shipped
O-000712,C-0077,2025-11-29,2025-12-04,Europe,Delivered
O-000713,C-0112,2025-07-08,2025-07-19,Europe,Shipped
O-000714,C-0037,2025-04-23,2025-04-28,North America,Shipped
O-000715,C-0094,2025-01-26,2025-02-09,Europe,Shipped
O-000716,C-0071,2025-06-29,2025-07-13,Europe,Shipped
O-000717,C-0013,2025-06-22,2025-06-27,North America,Shipped
O-000718,C-0015,2025-12-29,2026-01-09,Europe,Shipped
O-000719,C-0099,2025-02-19,2025-03-02,Europe,Shipped
O-000720,C-0023,2025-11-24,2025-11-29,Europe,Delivered
O-000721,C-0080,2025-04-17,2025-04-30,North America,Delivered
O-000722,C-0093,2025-10-01,2025-10-13,Europe,Shipped
O-000723,C-0002,2025-06-10,2025-06-16,North America,Delivered
O-000724,C-0058,2025-04-24,2025-05-08,Europe,Shipped
O-000725,C-0050,2025-07-07,2025-07-19,North America,Delivered
O-000726,C-0092,2025-08-26,2025-09-03,North America,Shipped
O-000727,C-0063,2025-06-12,2025-06-22,Europe,Shipped
O-000728,C-0049,2025-04-06,2025-04-08,North America,Delivered
O-000729,C-0050,2025-02-22,2025-03-06,North America,Delivered
O-000730,C-0039,2025-09-01,2025-09-08,Europe,Shipped
O-000731,C-0105,2025-07-29,2025-08-12,Europe,Shipped
O-000732,C-0080,2025-05-28,2025-05-29,North America,Shipped
O-000733,C-0061,2025-06-14,2025-06-25,North America,Shipped
O-000734,C-0048,2025-01-14,2025-01-21,Europe,Shipped
O-000735,C-0062,2025-07-25,2025-08-04,North America,Delivered
O-000736,C-0066,2025-01-14,2025-01-20,Europe,Shipped
O-000737,C-0024,2025-01-21,2025-01-24,Europe,Shipped
O-000738,C-0106,2025-07-30,2025-08-13,Europe,Shipped
O-000739,C-0075,2025-06-09,2025-06-10,Europe,Shipped
O-000740,C-0095,2025-10-04,2025-10-05,Europe,Shipped
O-000741,C-0109,2025-03-03,2025-03-14,North America,Delivered
O-000742,C-0101,2025-04-15,2025-04-21,Europe,Shipped
O-000743,C-0032,2025-12-21,2026-01-01,North America,Shipped
O-000744,C-0094,2025-12-30,2026-01-01,Europe,Shipped
O-000745,C-0063,2025-08-19,2025-09-02,Europe,Delivered
O-000746,C-0117,2025-09-16,2025-09-17,Europe,Delivered
O-000747,C-0114,2025-12-18,2025-12-23,Europe,Shipped
O-000748,C-0028,2025-07-23,2025-08-03,Europe,Shipped
O-000749,C-0081,2025-08-30,2025-09-01,Europe,Shipped
O-000750,C-0032,2025-06-06,2025-06-12,North America,Delivered
O-000751,C-0070,2025-11-29,2025-12-01,Europe,Delivered
O-000752,C-0028,2025-02-09,2025-02-15,Europe,Shipped
O-000753,C-0056,2025-08-04,2025-08-05,North America,Shipped
O-000754,C-0057,2025-03-10,2025-03-24,Europe,Delivered
O-000755,C-0111,2025-01-13,2025-01-19,Europe,Shipped
O-000756,C-0101,2025-07-06,2025-07-15,Europe,Shipped
O-000757,C-0042,2025-10-21,2025-10-31,Europe,Delivered
O-000758,C-0041,2025-06-14,2025-06-17,Europe,Shipped
O-000759,C-0073,2025-04-08,2025-04-21,North America,Shipped
O-000760,C-0078,2025-09-15,2025-09-18,Europe,Delivered
O-000761,C-0106,2025-01-30,2025-02-04,Europe,Delivered
O-000762,C-0042,2025-05-22,2025-05-24,Europe,Delivered
O-000763,C-0089,2025-07-12,2025-07-24,Europe,Shipped
O-000764,C-0085,2025-10-23,2025-10-26,North America,Delivered
O-000765,C-0098,2025-12-08,2025-12-17,North America,Delivered
O-000766,C-0059,2025-04-02,2025-04-04,Europe,Shipped
O-000767,C-0045,2025-05-19,2025-05-20,Europe,Shipped
O-000768,C-0054,2025-10-20,2025-10-22,Europe,Shipped
O-000769,C-0070,2025-01-20,2025-01-22,Europe,Shipped
O-000770,C-0018,2025-11-17,2025-11-21,Europe,Delivered
O-000771,C-0103,2025-08-26,2025-09-06,North America,Shipped
O-000772,C-0106,2025-06-30,2025-07-07,Europe,Shipped
O-000773,C-0012,2025-08-24,2025-08-28,Europe,Shipped
O-000774,C-0060,2025-04-16,2025-04-25,Europe,Shipped
O-000775,C-0079,2025-09-15,2025-09-24,North America,Shipped
O-000776,C-0025,2025-12-07,2025-12-21,North America,Delivered
O-000777,C-0060,2025-09-18,2025-09-25,Europe,Shipped
O-000778,C-0115,2025-05-09,2025-05-12,North America,Shipped
O-000779,C-0091,2025-12-19,2025-12-28,North America,Shipped
O-000780,C-0022,2025-03-13,2025-03-16,Europe,Delivered
O-000781,C-0003,2025-11-18,2025-11-28,Europe,Shipped
O-000782,C-0040,2025-03-09,2025-03-15,Europe,Shipped
O-000783,C-0001,2025-08-24,2025-09-04,North America,Delivered
O-000784,C-0027,2025-06-24,2025-07-02,Europe,Shipped
O-000785,C-0040,2025-10-21,2025-10-24,Europe,Delivered
O-000786,C-0041,2025-04-01,2025-04-08,Europe,Shipped
O-000787,C-0108,2025-08-19,2025-08-21,Europe,Delivered
O-000788,C-0072,2025-09-18,2025-09-25,Europe,Shipped
O-000789,C-0004,2025-08-12,2025-08-25,Europe,Shipped
O-000790,C-0067,2025-03-24,2025-04-06,North America,Delivered
O-000791,C-0033,2025-01-30,2025-02-07,Europe,Delivered
O-000792,C-0099,2025-12-21,2025-12-25,Europe,Shipped
O-000793,C-0058,2025-07-15,2025-07-29,Europe,Delivered
O-000794,C-0015,2025-09-01,2025-09-09,Europe,Shipped
O-000795,C-0090,2025-09-19,2025-09-27,Europe,Shipped
O-000796,C-0078,2025-12-21,2026-01-01,Europe,Delivered
O-000797,C-0086,2025-04-19,2025-05-01,North America,Shipped
O-000798,C-0098,2025-10-12,2025-10-18,North America,Delivered
O-000799,C-0071,2025-12-08,2025-12-20,Europe,Shipped
O-000800,C-0025,2025-02-27,2025-03-13,North America,Delivered
O-000801,C-0007,2025-09-13,2025-09-26,North America,Delivered
O-000802,C-0045,2025-09-20,2025-09-28,Europe,Delivered
O-000803,C-0097,2025-06-20,2025-07-02,North America,Shipped
O-000804,C-0090,2025-04-11,2025-04-23,Europe,Shipped
O-000805,C-0051,2025-07-07,2025-07-08,Europe,Shipped
O-000806,C-0061,2025-05-12,2025-05-16,North America,Shipped
O-000807,C-0028,2025-08-20,2025-08-22,Europe,Shipped
O-000808,C-0053,2025-08-07,2025-08-10,Europe,Shipped
O-000809,C-0012,2025-11-10,2025-11-11,Europe,Shipped
O-000810,C-0019,2025-02-11,2025-02-19,North America,Shipped
O-000811,C-0105,2025-04-05,2025-04-12,Europe,Delivered
O-000812,C-0113,2025-08-23,2025-08-27,Europe,Delivered
O-000813,C-0008,2025-04-20,2025-05-04,North America,Delivered
O-000814,C-0102,2025-09-19,2025-10-01,Europe,Shipped
O-000815,C-0052,2025-02-06,2025-02-18,Europe,Shipped
O-000816,C-0067,2025-07-22,2025-07-25,North America,Delivered
O-000817,C-0084,2025-12-16,2025-12-20,Europe,Shipped
O-000818,C-0102,2025-09-13,2025-09-21,Europe,Shipped
O-000819,C-0055,2025-02-27,2025-03-12,North America,Shipped
O-000820,C-0086,2025-09-28,2025-10-09,North America,Shipped
O-000821,C-0112,2025-11-20,2025-11-28,Europe,Delivered
O-000822,C-0022,2025-11-15,2025-11-20,Europe,Delivered
O-000823,C-0056,2025-06-05,2025-06-18,North America,Delivered
O-000824,C-0101,2025-09-30,2025-10-09,Europe,Delivered
O-000825,C-0115,2025-01-27,2025-02-06,North America,Shipped
O-000826,C-0055,2025-05-22,2025-06-02,North America,Shipped
O-000827,C-0110,2025-04-07,2025-04-18,North America,Shipped
O-000828,C-0009,2025-02-19,2025-02-28,Europe,Delivered
O-000829,C-0104,2025-12-04,2025-12-13,North America,Delivered
O-000830,C-0093,2025-11-18,2025-11-29,Europe,Delivered
O-000831,C-0017,2025-02-15,2025-02-18,Europe,Shipped
O-000832,C-0029,2025-08-27,2025-09-08,Europe,Delivered
O-000833,C-0097,2025-11-08,2025-11-17,North America,Shipped
O-000834,C-0090,2025-03-15,2025-03-19,Europe,Delivered
O-000835,C-0014,2025-02-28,2025-03-08,North America,Shipped
O-000836,C-0072,2025-12-17,2025-12-27,Europe,Shipped
O-000837,C-0084,2025-06-01,2025-06-13,Europe,Delivered
O-000838,C-0115,2025-05-12,2025-05-17,North America,Shipped
O-000839,C-0085,2025-10-25,2025-10-29,North America,Delivered
O-000840,C-0008,2025-08-22,2025-08-28,North America,Shipped
O-000841,C-0055,2025-01-01,2025-01-14,North America,Shipped
O-000842,C-0086,2025-04-09,2025-04-13,North America,Delivered
O-000843,C-0043,2025-09-30,2025-10-05,North America,Shipped
O-000844,C-0024,2025-08-21,2025-08-28,Europe,Shipped
O-000845,C-0107,2025-08-15,2025-08-21,Europe,Shipped
O-000846,C-0035,2025-09-17,2025-09-27,Europe,Shipped
O-000847,C-0004,2025-02-15,2025-02-20,Europe,Delivered
O-000848,C-0037,2025-09-28,2025-10-02,North America,Shipped
O-000849,C-0087,2025-03-25,2025-03-31,Europe,Shipped
O-000850,C-0118,2025-08-08,2025-08-14,Europe,Shipped
O-000851,C-0095,2025-01-14,2025-01-17,Europe,Shipped
O-000852,C-0102,2025-12-07,2025-12-21,Europe,Shipped
O-000853,C-0038,2025-07-23,2025-08-01,North America,Shipped
O-000854,C-0084,2025-04-24,2025-05-03,Europe,Shipped
O-000855,C-0080,2025-11-03,2025-11-09,North America,Shipped
O-000856,C-0048,2025-06-04,2025-06-06,Europe,Shipped
O-000857,C-0086,2025-02-20,2025-02-27,North America,Delivered
O-000858,C-0106,2025-05-21,2025-05-29,Europe,Shipped
O-000859,C-0101,2025-04-12,2025-04-25,Europe,Shipped
O-000860,C-0102,2025-12-24,2025-12-26,Europe,Shipped
O-000861,C-0069,2025-05-11,2025-05-25,Europe,Delivered
O-000862,C-0017,2025-09-07,2025-09-18,Europe,Shipped
O-000863,C-0030,2025-10-27,2025-11-08,Europe,Shipped
O-000864,C-0052,2025-07-18,2025-07-25,Europe,Delivered
O-000865,C-0087,2025-01-05,2025-01-14,Europe,Delivered
O-000866,C-0016,2025-08-04,2025-08-09,Europe,Shipped
O-000867,C-0075,2025-05-15,2025-05-26,Europe,Shipped
O-000868,C-0026,2025-02-07,2025-02-09,North America,Shipped
O-000869,C-0082,2025-04-10,2025-04-15,Europe,Shipped
O-000870,C-0011,2025-04-11,2025-04-20,Europe,Shipped
O-000871,C-0026,2025-09-24,2025-10-08,North America,Shipped
O-000872,C-0065,2025-05-22,2025-05-27,Europe,Shipped
O-000873,C-0109,2025-08-20,2025-08-28,North America,Shipped
O-000874,C-0067,2025-04-17,2025-04-21,North America,Shipped
O-000875,C-0057,2025-11-23,2025-12-07,Europe,Delivered
O-000876,C-0093,2025-09-20,2025-09-22,Europe,Shipped
O-000877,C-0074,2025-08-28,2025-09-09,North America,Shipped
O-000878,C-0017,2025-01-09,2025-01-11,Europe,Delivered
O-000879,C-0039,2025-09-08,2025-09-21,Europe,Shipped
O-000880,C-0097,2025-10-19,2025-10-25,North America,Delivered
O-000881,C-0093,2025-02-12,2025-02-26,Europe,Delivered
O-000882,C-0024,2025-01-07,2025-01-10,Europe,Shipped
O-000883,C-0047,2025-07-13,2025-07-24,Europe,Shipped
O-000884,C-0037,2025-01-19,2025-01-30,North America,Delivered
O-000885,C-0092,2025-01-20,2025-01-24,North America,Shipped
O-000886,C-0040,2025-07-06,2025-07-20,Europe,Delivered
O-000887,C-0072,2025-05-01,2025-05-11,Europe,Delivered
O-000888,C-0112,2025-05-26,2025-06-01,Europe,Delivered
O-000889,C-0044,2025-02-27,2025-03-11,North America,Delivered
O-000890,C-0056,2025-12-26,2026-01-01,North America,Delivered
O-000891,C-0106,2025-04-20,2025-05-04,Europe,Shipped
O-000892,C-0044,2025-09-07,2025-09-08,North America,Delivered
O-000893,C-0029,2025-06-24,2025-07-08,Europe,Shipped
O-000894,C-0095,2025-06-17,2025-06-26,Europe,Delivered
O-000895,C-0034,2025-03-19,2025-03-31,Europe,Delivered
O-000896,C-0117,2025-06-25,2025-07-08,Europe,Shipped
O-000897,C-0109,2025-04-09,2025-04-18,North America,Delivered
O-000898,C-0077,2025-12-23,2025-12-27,Europe,Delivered
O-000899,C-0069,2025-12-16,2025-12-20,Europe,Delivered
O-000900,C-0020,2025-08-15,2025-08-23,North America,Delivered
